Workbook

Sheet Sheet1
A1: Citation (APA 7th-Annotated) | B1: sequence | C1: DOI if different from article or doi Alt | D1: Item number | E1: end | F1: Publication name | G1: 1st Author | H1: other author(s) | I1: year | J1: DOI (or Alt) | K1: Item name | L1: Item encoded | M1: Item in directory FileList | N1: Item full original title | O1: Note: related Item(s) included in folder | P1: Progress stage | Q1: Online Database | R1: Snapshot | S1: Adjustment made | T1: Data readable file, can use this | U1: Source Type | V1: Source format | W1: Source URL direct access | X1: Source URL link | Y1: Main Trait(s) | Z1: Source type | AA1: Team | AB1: Method | AC1: Possible Traits | AD1: Note | AE1: Subcategory | AF1: Flags pre-addressed | AG1: Flags possible | AH1: Flags active (skips)
A2: Andelin, A. K., Olavarria, J. F., Fine, I., Taber, E. N., Schwartz, D., Kroenke, C. D., & Stevens, A. A. (2019). The Effect of Onset Age of Visual Deprivation on Visual Cortex Surface Area Across-Species. Cereb Cortex, 29(10), 4321-4333. https://doi.org/10.1093/cercor/bhy315 | D2: Table 4 | E2: =RIGHT(A2,1) -> 5 | F2: =G2 & IF(H2<>"", "_" & H2, "_") & IF(I2<>"", "_" & I2, "_") & IF(B2<>"", "_" & B2, "") -> Andelin_etal_2019 | G2: =SUBSTITUTE(SUBSTITUTE(_xlfn.TEXTBEFORE(A2,","), "-", ""), " ", "") -> Andelin | H2: =IF(ISNUMBER(FIND("&", A2)), IF(LEN(A2)-LEN(SUBSTITUTE(A2, ",", ""))>=6, "etal", MID(A2, SEARCH("& ", A2)+2, SEARCH(",", A2, SEARCH("& ", A2)+2) - SEARCH("& ", A2)-2)), "" ) -> etal | I2: =_xlfn.TEXTBEFORE(_xlfn.TEXTAFTER(A2, "("), ")") -> 2019 | J2: =IF(C2<>"", C2, IF(C2="", _xlfn.TEXTAFTER(A2,"https://doi.org/"), C2)) -> 10.1093/cercor/bhy315 | K2: =TRIM(_xlfn.TEXTJOIN("_",FALSE,F2,(SUBSTITUTE(SUBSTITUTE(D2," ",""), "_", "")))) -> Andelin_etal_2019_Table4 | L2: =IF(ISBLANK(C2),TRIM(SUBSTITUTE(SUBSTITUTE(SUBSTITUTE(_xlfn.TEXTJOIN("_", FALSE, J2, SUBSTITUTE(D2,"_", "")), "/", "%2F"), ":", "%3A"), " ", "")),TRIM(SUBSTITUTE(SUBSTITUTE(SUBSTITUTE(_xlfn.TEXTJOIN("_", FALSE, C2, SUBSTITUTE(D2,"_", "")), "/", "%2F"), ":", "%3A"), " ", ""))) -> 10.1093%2Fcercor%2Fbhy315_Table4 | M2: {=IFERROR(INDEX(FileList!$A$1:$A$100, MATCH(L2, _xlfn.TEXTBEFORE(FileList!$A$1:$A$100, ".tsv"), 0)), "notfound")} -> 10.1093%2Fcercor%2Fbhy315_Table4.tsv | V2: table
A3: Avelino-de-Souza, K., Patzke, N., Karlsson, K. A. E., Manger, P. R., & Herculano-Houzel, S. (2025). Cellular Composition of the Brain of a Northern Minke Whale. J Comp Neurol, 533(9), e70089. https://doi.org/10.1002/cne.70089 | D3: TABLE 1 | E3: =RIGHT(A3,1) -> 9 | F3: =G3 & IF(H3<>"", "_" & H3, "_") & IF(I3<>"", "_" & I3, "_") & IF(B3<>"", "_" & B3, "") -> AvelinodeSouza_etal_2025 | G3: =SUBSTITUTE(SUBSTITUTE(_xlfn.TEXTBEFORE(A3,","), "-", ""), " ", "") -> AvelinodeSouza | H3: =IF(ISNUMBER(FIND("&", A3)), IF(LEN(A3)-LEN(SUBSTITUTE(A3, ",", ""))>=6, "etal", MID(A3, SEARCH("& ", A3)+2, SEARCH(",", A3, SEARCH("& ", A3)+2) - SEARCH("& ", A3)-2)), "" ) -> etal | I3: =_xlfn.TEXTBEFORE(_xlfn.TEXTAFTER(A3, "("), ")") -> 2025 | J3: =IF(C3<>"", C3, IF(C3="", _xlfn.TEXTAFTER(A3,"https://doi.org/"), C3)) -> 10.1002/cne.70089 | K3: =TRIM(_xlfn.TEXTJOIN("_",FALSE,F3,(SUBSTITUTE(SUBSTITUTE(D3," ",""), "_", "")))) -> AvelinodeSouza_etal_2025_TABLE1 | L3: =IF(ISBLANK(C3),TRIM(SUBSTITUTE(SUBSTITUTE(SUBSTITUTE(_xlfn.TEXTJOIN("_", FALSE, J3, SUBSTITUTE(D3,"_", "")), "/", "%2F"), ":", "%3A"), " ", "")),TRIM(SUBSTITUTE(SUBSTITUTE(SUBSTITUTE(_xlfn.TEXTJOIN("_", FALSE, C3, SUBSTITUTE(D3,"_", "")), "/", "%2F"), ":", "%3A"), " ", ""))) -> 10.1002%2Fcne.70089_TABLE1 | M3: {=IFERROR(INDEX(FileList!$A$1:$A$100, MATCH(L3, _xlfn.TEXTBEFORE(FileList!$A$1:$A$100, ".tsv"), 0)), "notfound")} -> 10.1002%2Fcne.70089_TABLE1.tsv | N3: Table 1. Cellular composition of the brain of a Northern minke whale (Balaenoptera acutorostrata) | P3: FINISHED | Q3: added | R3: AvelinodeSouza_etal_2025_TABLE1_snapshot.csv | S3: Y | T3: AvelinodeSouza_etal_2025_TABLE1.csv | U3: pdf | V3: table | W3: https://onlinelibrary.wiley.com/doi/10.1002/cne.70089 | X3: https://doi.org/10.1002/cne.70089 | Y3: neuron number | Z3: primary | AA3: HH | AB3: HH | AE3: placental mammals
A4: Barbeito-Andres, J., Castro-Fonseca, E., Qiu, L. R., Bernal, V., Lent, R., Henkelman, M., Lukowiak, K., Gleiser, P. M., Hallgrimsson, B., & Gonzalez, P. N. (2019). Region-specific changes in Mus musculus brain size and cell composition under chronic nutrient restriction. J Exp Biol, 222(Pt 17). https://doi.org/10.1242/jeb.204651 | D4: data_figshare.xlsx | E4: =RIGHT(A4,1) -> 1 | F4: =G4 & IF(H4<>"", "_" & H4, "_") & IF(I4<>"", "_" & I4, "_") & IF(B4<>"", "_" & B4, "") -> BarbeitoAndres_etal_2019 | G4: =SUBSTITUTE(SUBSTITUTE(_xlfn.TEXTBEFORE(A4,","), "-", ""), " ", "") -> BarbeitoAndres | H4: =IF(ISNUMBER(FIND("&", A4)), IF(LEN(A4)-LEN(SUBSTITUTE(A4, ",", ""))>=6, "etal", MID(A4, SEARCH("& ", A4)+2, SEARCH(",", A4, SEARCH("& ", A4)+2) - SEARCH("& ", A4)-2)), "" ) -> etal | I4: =_xlfn.TEXTBEFORE(_xlfn.TEXTAFTER(A4, "("), ")") -> 2019 | J4: =IF(C4<>"", C4, IF(C4="", _xlfn.TEXTAFTER(A4,"https://doi.org/"), C4)) -> 10.1242/jeb.204651 | K4: =TRIM(_xlfn.TEXTJOIN("_",FALSE,F4,(SUBSTITUTE(SUBSTITUTE(D4," ",""), "_", "")))) -> BarbeitoAndres_etal_2019_datafigshare.xlsx | L4: =IF(ISBLANK(C4),TRIM(SUBSTITUTE(SUBSTITUTE(SUBSTITUTE(_xlfn.TEXTJOIN("_", FALSE, J4, SUBSTITUTE(D4,"_", "")), "/", "%2F"), ":", "%3A"), " ", "")),TRIM(SUBSTITUTE(SUBSTITUTE(SUBSTITUTE(_xlfn.TEXTJOIN("_", FALSE, C4, SUBSTITUTE(D4,"_", "")), "/", "%2F"), ":", "%3A"), " ", ""))) -> 10.1242%2Fjeb.204651_datafigshare.xlsx | M4: {=IFERROR(INDEX(FileList!$A$1:$A$100, MATCH(L4, _xlfn.TEXTBEFORE(FileList!$A$1:$A$100, ".tsv"), 0)), "notfound")} -> notfound
A5: Baron, G., Frahm, H. D., & Stephan, H. (1988). Comparison of brain structure volumes in Insectivora and Primates. VIII. Vestibular complex. J Hirnforsch, 29(5), 509-523. http://www.ncbi.nlm.nih.gov/pubmed/3216099 | C5: PMID:3216099 | D5: Table1 | E5: =RIGHT(A5,1) -> 9 | F5: =G5 & IF(H5<>"", "_" & H5, "_") & IF(I5<>"", "_" & I5, "_") & IF(B5<>"", "_" & B5, "") -> Baron_etal_1988 | G5: =SUBSTITUTE(SUBSTITUTE(_xlfn.TEXTBEFORE(A5,","), "-", ""), " ", "") -> Baron | H5: =IF(ISNUMBER(FIND("&", A5)), IF(LEN(A5)-LEN(SUBSTITUTE(A5, ",", ""))>=6, "etal", MID(A5, SEARCH("& ", A5)+2, SEARCH(",", A5, SEARCH("& ", A5)+2) - SEARCH("& ", A5)-2)), "" ) -> etal | I5: =_xlfn.TEXTBEFORE(_xlfn.TEXTAFTER(A5, "("), ")") -> 1988 | J5: =IF(C5<>"", C5, IF(C5="", _xlfn.TEXTAFTER(A5,"https://doi.org/"), C5)) -> PMID:3216099 | K5: =TRIM(_xlfn.TEXTJOIN("_",FALSE,F5,(SUBSTITUTE(SUBSTITUTE(D5," ",""), "_", "")))) -> Baron_etal_1988_Table1 | L5: =IF(ISBLANK(C5),TRIM(SUBSTITUTE(SUBSTITUTE(SUBSTITUTE(_xlfn.TEXTJOIN("_", FALSE, J5, SUBSTITUTE(D5,"_", "")), "/", "%2F"), ":", "%3A"), " ", "")),TRIM(SUBSTITUTE(SUBSTITUTE(SUBSTITUTE(_xlfn.TEXTJOIN("_", FALSE, C5, SUBSTITUTE(D5,"_", "")), "/", "%2F"), ":", "%3A"), " ", ""))) -> PMID%3A3216099_Table1 | M5: {=IFERROR(INDEX(FileList!$A$1:$A$100, MATCH(L5, _xlfn.TEXTBEFORE(FileList!$A$1:$A$100, ".tsv"), 0)), "notfound")} -> notfound | N5: Table 1. Volumes and indices of the vestibular complex (VC) and its main components (VM, V1, VL, VS) in Insectivora and Scadentia | AA5: Stephan
A6: Baron, G., Frahm, H. D., Bhatnagar, K. P., & Stephan, H. (1983). Comparison of brain structure volumes in Insectivora and Primates. III. Main olfactory bulb (MOB). J Hirnforsch, 24(5), 551-568. https://www.ncbi.nlm.nih.gov/pubmed/6663055 | C6: PMID:6663055 | D6: Table1 | E6: =RIGHT(A6,1) -> 5 | F6: =G6 & IF(H6<>"", "_" & H6, "_") & IF(I6<>"", "_" & I6, "_") & IF(B6<>"", "_" & B6, "") -> Baron_etal_1983 | G6: =SUBSTITUTE(SUBSTITUTE(_xlfn.TEXTBEFORE(A6,","), "-", ""), " ", "") -> Baron | H6: =IF(ISNUMBER(FIND("&", A6)), IF(LEN(A6)-LEN(SUBSTITUTE(A6, ",", ""))>=6, "etal", MID(A6, SEARCH("& ", A6)+2, SEARCH(",", A6, SEARCH("& ", A6)+2) - SEARCH("& ", A6)-2)), "" ) -> etal | I6: =_xlfn.TEXTBEFORE(_xlfn.TEXTAFTER(A6, "("), ")") -> 1983 | J6: =IF(C6<>"", C6, IF(C6="", _xlfn.TEXTAFTER(A6,"https://doi.org/"), C6)) -> PMID:6663055 | K6: =TRIM(_xlfn.TEXTJOIN("_",FALSE,F6,(SUBSTITUTE(SUBSTITUTE(D6," ",""), "_", "")))) -> Baron_etal_1983_Table1 | L6: PMID%3A6663055_Table1 | M6: {=IFERROR(INDEX(FileList!$A$1:$A$100, MATCH(L6, _xlfn.TEXTBEFORE(FileList!$A$1:$A$100, ".tsv"), 0)), "notfound")} -> notfound | V6: table | W6: NO - not digitized | Z6: primary | AB6: Stephan
A7: Baron, G., Stephan, H., & Frahm, H. D. (1987). Comparison of brain structure volumes in Insectivora and Primates. VI. Paleocortical components. J Hirnforsch, 28(4), 463-477. http://www.ncbi.nlm.nih.gov/pubmed/3116076 | C7: PMID:3116076 | D7: Table1 | E7: =RIGHT(A7,1) -> 6 | F7: =G7 & IF(H7<>"", "_" & H7, "_") & IF(I7<>"", "_" & I7, "_") & IF(B7<>"", "_" & B7, "") -> Baron_etal_1987 | G7: =SUBSTITUTE(SUBSTITUTE(_xlfn.TEXTBEFORE(A7,","), "-", ""), " ", "") -> Baron | H7: =IF(ISNUMBER(FIND("&", A7)), IF(LEN(A7)-LEN(SUBSTITUTE(A7, ",", ""))>=6, "etal", MID(A7, SEARCH("& ", A7)+2, SEARCH(",", A7, SEARCH("& ", A7)+2) - SEARCH("& ", A7)-2)), "" ) -> etal | I7: =_xlfn.TEXTBEFORE(_xlfn.TEXTAFTER(A7, "("), ")") -> 1987 | J7: =IF(C7<>"", C7, IF(C7="", _xlfn.TEXTAFTER(A7,"https://doi.org/"), C7)) -> PMID:3116076 | K7: =TRIM(_xlfn.TEXTJOIN("_",FALSE,F7,(SUBSTITUTE(SUBSTITUTE(D7," ",""), "_", "")))) -> Baron_etal_1987_Table1 | L7: PMID%3A3116076_Table1 | M7: {=IFERROR(INDEX(FileList!$A$1:$A$100, MATCH(L7, _xlfn.TEXTBEFORE(FileList!$A$1:$A$100, ".tsv"), 0)), "notfound")} -> notfound | V7: table | W7: NO - not digitized | Z7: primary | AB7: Stephan
A8: Baron, G., Stephan, H., & Frahm, H. D. (1990). Comparison of brain structure volumes in Insectivora and primates. IX. Trigeminal complex. J Hirnforsch, 31(2), 193-200. https://www.ncbi.nlm.nih.gov/pubmed/2358663 | C8: PMID:2358663 | D8: Table1 | E8: =RIGHT(A8,1) -> 3 | F8: =G8 & IF(H8<>"", "_" & H8, "_") & IF(I8<>"", "_" & I8, "_") & IF(B8<>"", "_" & B8, "") -> Baron_etal_1990 | G8: =SUBSTITUTE(SUBSTITUTE(_xlfn.TEXTBEFORE(A8,","), "-", ""), " ", "") -> Baron | H8: =IF(ISNUMBER(FIND("&", A8)), IF(LEN(A8)-LEN(SUBSTITUTE(A8, ",", ""))>=6, "etal", MID(A8, SEARCH("& ", A8)+2, SEARCH(",", A8, SEARCH("& ", A8)+2) - SEARCH("& ", A8)-2)), "" ) -> etal | I8: =_xlfn.TEXTBEFORE(_xlfn.TEXTAFTER(A8, "("), ")") -> 1990 | J8: =IF(C8<>"", C8, IF(C8="", _xlfn.TEXTAFTER(A8,"https://doi.org/"), C8)) -> PMID:2358663 | K8: =TRIM(_xlfn.TEXTJOIN("_",FALSE,F8,(SUBSTITUTE(SUBSTITUTE(D8," ",""), "_", "")))) -> Baron_etal_1990_Table1 | L8: =IF(ISBLANK(C8),TRIM(SUBSTITUTE(SUBSTITUTE(SUBSTITUTE(_xlfn.TEXTJOIN("_", FALSE, J8, SUBSTITUTE(D8,"_", "")), "/", "%2F"), ":", "%3A"), " ", "")),TRIM(SUBSTITUTE(SUBSTITUTE(SUBSTITUTE(_xlfn.TEXTJOIN("_", FALSE, C8, SUBSTITUTE(D8,"_", "")), "/", "%2F"), ":", "%3A"), " ", ""))) -> PMID%3A2358663_Table1 | M8: {=IFERROR(INDEX(FileList!$A$1:$A$100, MATCH(L8, _xlfn.TEXTBEFORE(FileList!$A$1:$A$100, ".tsv"), 0)), "notfound")} -> notfound | N8: ...IX. Trigeminal complex (Table 1) | V8: table | W8: NO - not digitized | Y8: trigeminal complex volume | Z8: primary | AA8: Stephan | AB8: volumetry
A9: Bauernfeind, A. L., de Sousa, A. A., Avasthi, T., Dobson, S. D., Raghanti, M. A., Lewandowski, A. H., Zilles, K., Semendeferi, K., Allman, J. M., Craig, A. D., Hof, P. R., & Sherwood, C. C. (2013). A volumetric comparison of the insular cortex and its subregions in primates. J Hum Evol, 64(4), 263-279. https://doi.org/10.1016/j.jhevol.2012.12.003 | D9: Table1 | E9: =RIGHT(A9,1) -> 3 | F9: =G9 & IF(H9<>"", "_" & H9, "_") & IF(I9<>"", "_" & I9, "_") & IF(B9<>"", "_" & B9, "") -> Bauernfeind_etal_2013 | G9: =SUBSTITUTE(SUBSTITUTE(_xlfn.TEXTBEFORE(A9,","), "-", ""), " ", "") -> Bauernfeind | H9: =IF(ISNUMBER(FIND("&", A9)), IF(LEN(A9)-LEN(SUBSTITUTE(A9, ",", ""))>=6, "etal", MID(A9, SEARCH("& ", A9)+2, SEARCH(",", A9, SEARCH("& ", A9)+2) - SEARCH("& ", A9)-2)), "" ) -> etal | I9: =_xlfn.TEXTBEFORE(_xlfn.TEXTAFTER(A9, "("), ")") -> 2013 | J9: =IF(C9<>"", C9, IF(C9="", _xlfn.TEXTAFTER(A9,"https://doi.org/"), C9)) -> 10.1016/j.jhevol.2012.12.003 | K9: =TRIM(_xlfn.TEXTJOIN("_",FALSE,F9,(SUBSTITUTE(SUBSTITUTE(D9," ",""), "_", "")))) -> Bauernfeind_etal_2013_Table1 | L9: =IF(ISBLANK(C9),TRIM(SUBSTITUTE(SUBSTITUTE(SUBSTITUTE(_xlfn.TEXTJOIN("_", FALSE, J9, SUBSTITUTE(D9,"_", "")), "/", "%2F"), ":", "%3A"), " ", "")),TRIM(SUBSTITUTE(SUBSTITUTE(SUBSTITUTE(_xlfn.TEXTJOIN("_", FALSE, C9, SUBSTITUTE(D9,"_", "")), "/", "%2F"), ":", "%3A"), " ", ""))) -> 10.1016%2Fj.jhevol.2012.12.003_Table1 | M9: {=IFERROR(INDEX(FileList!$A$1:$A$100, MATCH(L9, _xlfn.TEXTBEFORE(FileList!$A$1:$A$100, ".tsv"), 0)), "notfound")} -> notfound | N9: Volumetric comparison of the insular cortex (Table 1) | V9: table | Y9: insular cortex volumes | Z9: primary | AA9: Stephan | AB9: volumetry
A10: Brodmann, K. (1913). Neue Forschungsergebnisse der Großhirnrindenanatomie mit besonderer Berücksichtigung anthropologischer Fragen. Verhandlungen der Gesellschaft Deutscher Naturforscher und Ärzte, 85(1), 200-240 | C10: 10.0000/placeholder | D10: Tabelle 1 | E10: =RIGHT(A10,1) -> 0 | F10: =G10 & IF(H10<>"", "_" & H10, "_") & IF(I10<>"", "_" & I10, "_") & IF(B10<>"", "_" & B10, "") -> Brodmann__1913 | G10: =SUBSTITUTE(SUBSTITUTE(_xlfn.TEXTBEFORE(A10,","), "-", ""), " ", "") -> Brodmann | H10: =IF(ISNUMBER(FIND("&", A10)), IF(LEN(A10)-LEN(SUBSTITUTE(A10, ",", ""))>=6, "etal", MID(A10, SEARCH("& ", A10)+2, SEARCH(",", A10, SEARCH("& ", A10)+2) - SEARCH("& ", A10)-2)), "" ) | I10: =_xlfn.TEXTBEFORE(_xlfn.TEXTAFTER(A10, "("), ")") -> 1913 | J10: =IF(C10<>"", C10, IF(C10="", _xlfn.TEXTAFTER(A10,"https://doi.org/"), C10)) -> 10.0000/placeholder | K10: =TRIM(_xlfn.TEXTJOIN("_",FALSE,F10,(SUBSTITUTE(SUBSTITUTE(D10," ",""), "_", "")))) -> Brodmann__1913_Tabelle1 | L10: =IF(ISBLANK(C10),TRIM(SUBSTITUTE(SUBSTITUTE(SUBSTITUTE(_xlfn.TEXTJOIN("_", FALSE, J10, SUBSTITUTE(D10,"_", "")), "/", "%2F"), ":", "%3A"), " ", "")),TRIM(SUBSTITUTE(SUBSTITUTE(SUBSTITUTE(_xlfn.TEXTJOIN("_", FALSE, C10, SUBSTITUTE(D10,"_", "")), "/", "%2F"), ":", "%3A"), " ", ""))) -> 10.0000%2Fplaceholder_Tabelle1 | M10: {=IFERROR(INDEX(FileList!$A$1:$A$100, MATCH(L10, _xlfn.TEXTBEFORE(FileList!$A$1:$A$100, ".tsv"), 0)), "notfound")} -> notfound
A11: Burger, J. R., George, M. A., Leadbetter, C., & Shaikh, F. (2019). The allometry of brain size in mammals. J Mammal, 100(2), 276-283. https://doi.org/10.1093/jmammal/gyz043 | D11: Supplementary Data SD1 | E11: =RIGHT(A11,1) -> 3 | F11: =G11 & IF(H11<>"", "_" & H11, "_") & IF(I11<>"", "_" & I11, "_") & IF(B11<>"", "_" & B11, "") -> Burger_etal_2019 | G11: =SUBSTITUTE(SUBSTITUTE(_xlfn.TEXTBEFORE(A11,","), "-", ""), " ", "") -> Burger | H11: =IF(ISNUMBER(FIND("&", A11)), IF(LEN(A11)-LEN(SUBSTITUTE(A11, ",", ""))>=6, "etal", MID(A11, SEARCH("& ", A11)+2, SEARCH(",", A11, SEARCH("& ", A11)+2) - SEARCH("& ", A11)-2)), "" ) -> etal | I11: =_xlfn.TEXTBEFORE(_xlfn.TEXTAFTER(A11, "("), ")") -> 2019 | J11: =IF(C11<>"", C11, IF(C11="", _xlfn.TEXTAFTER(A11,"https://doi.org/"), C11)) -> 10.1093/jmammal/gyz043 | K11: =TRIM(_xlfn.TEXTJOIN("_",FALSE,F11,(SUBSTITUTE(SUBSTITUTE(D11," ",""), "_", "")))) -> Burger_etal_2019_SupplementaryDataSD1 | L11: =IF(ISBLANK(C11),TRIM(SUBSTITUTE(SUBSTITUTE(SUBSTITUTE(_xlfn.TEXTJOIN("_", FALSE, J11, SUBSTITUTE(D11,"_", "")), "/", "%2F"), ":", "%3A"), " ", "")),TRIM(SUBSTITUTE(SUBSTITUTE(SUBSTITUTE(_xlfn.TEXTJOIN("_", FALSE, C11, SUBSTITUTE(D11,"_", "")), "/", "%2F"), ":", "%3A"), " ", ""))) -> 10.1093%2Fjmammal%2Fgyz043_SupplementaryDataSD1 | M11: {=IFERROR(INDEX(FileList!$A$1:$A$100, MATCH(L11, _xlfn.TEXTBEFORE(FileList!$A$1:$A$100, ".tsv"), 0)), "notfound")} -> 10.1093%2Fjmammal%2Fgyz043_SupplementaryDataSD1.tsv | O11: Supplementary Data SD2 | P11: FINISHED | Q11: already there | R11: gyz043_suppl_Supplement_Data.csv | S11: N | T11: =IF(S11="N", R11, "write file name") -> gyz043_suppl_Supplement_Data.csv | U11: zipped csv | V11: table | W11: NO - the article link did not work in R, and goes to a zip | Y11: Brain and body size | Z11: secondary | AD11: derived relative brain size data are problematic | AE11: mammals
A12: Burish, M. J., Peebles, J. K., Baldwin, M. K., Tavares, L., Kaas, J. H., & Herculano-Houzel, S. (2010). Cellular scaling rules for primate spinal cords. Brain Behav Evol, 76(1), 45-59. https://doi.org/10.1159/000319019 | D12: Supplementary Table 1 | E12: =RIGHT(A12,1) -> 9 | F12: =G12 & IF(H12<>"", "_" & H12, "_") & IF(I12<>"", "_" & I12, "_") & IF(B12<>"", "_" & B12, "") -> Burish_etal_2010 | G12: =SUBSTITUTE(SUBSTITUTE(_xlfn.TEXTBEFORE(A12,","), "-", ""), " ", "") -> Burish | H12: =IF(ISNUMBER(FIND("&", A12)), IF(LEN(A12)-LEN(SUBSTITUTE(A12, ",", ""))>=6, "etal", MID(A12, SEARCH("& ", A12)+2, SEARCH(",", A12, SEARCH("& ", A12)+2) - SEARCH("& ", A12)-2)), "" ) -> etal | I12: =_xlfn.TEXTBEFORE(_xlfn.TEXTAFTER(A12, "("), ")") -> 2010 | J12: =IF(C12<>"", C12, IF(C12="", _xlfn.TEXTAFTER(A12,"https://doi.org/"), C12)) -> 10.1159/000319019 | K12: =TRIM(_xlfn.TEXTJOIN("_",FALSE,F12,(SUBSTITUTE(SUBSTITUTE(D12," ",""), "_", "")))) -> Burish_etal_2010_SupplementaryTable1 | L12: =IF(ISBLANK(C12),TRIM(SUBSTITUTE(SUBSTITUTE(SUBSTITUTE(_xlfn.TEXTJOIN("_", FALSE, J12, SUBSTITUTE(D12,"_", "")), "/", "%2F"), ":", "%3A"), " ", "")),TRIM(SUBSTITUTE(SUBSTITUTE(SUBSTITUTE(_xlfn.TEXTJOIN("_", FALSE, C12, SUBSTITUTE(D12,"_", "")), "/", "%2F"), ":", "%3A"), " ", ""))) -> 10.1159%2F000319019_SupplementaryTable1 | M12: {=IFERROR(INDEX(FileList!$A$1:$A$100, MATCH(L12, _xlfn.TEXTBEFORE(FileList!$A$1:$A$100, ".tsv"), 0)), "notfound")} -> 10.1159%2F000319019_SupplementaryTable1.tsv | N12: Supplementary Table 1: Dataset of individual spinal cord measurements | P12: Species - binomials need to be added | R12: Burish_etal_2010_SupplementaryTable1_snapshot.csv | Z12: primary (individual) | AC12: number spinal cord neurons | AE12: primates and tree shrew
A13: Burish, M. J., Peebles, J. K., Baldwin, M. K., Tavares, L., Kaas, J. H., & Herculano-Houzel, S. (2010). Cellular scaling rules for primate spinal cords. Brain Behav Evol, 76(1), 45-59. https://doi.org/10.1159/000319019 | D13: Table 1 | E13: =RIGHT(A13,1) -> 9 | F13: =G13 & IF(H13<>"", "_" & H13, "_") & IF(I13<>"", "_" & I13, "_") & IF(B13<>"", "_" & B13, "") -> Burish_etal_2010 | G13: =SUBSTITUTE(SUBSTITUTE(_xlfn.TEXTBEFORE(A13,","), "-", ""), " ", "") -> Burish | H13: =IF(ISNUMBER(FIND("&", A13)), IF(LEN(A13)-LEN(SUBSTITUTE(A13, ",", ""))>=6, "etal", MID(A13, SEARCH("& ", A13)+2, SEARCH(",", A13, SEARCH("& ", A13)+2) - SEARCH("& ", A13)-2)), "" ) -> etal | I13: =_xlfn.TEXTBEFORE(_xlfn.TEXTAFTER(A13, "("), ")") -> 2010 | J13: =IF(C13<>"", C13, IF(C13="", _xlfn.TEXTAFTER(A13,"https://doi.org/"), C13)) -> 10.1159/000319019 | K13: =TRIM(_xlfn.TEXTJOIN("_",FALSE,F13,(SUBSTITUTE(SUBSTITUTE(D13," ",""), "_", "")))) -> Burish_etal_2010_Table1 | L13: =IF(ISBLANK(C13),TRIM(SUBSTITUTE(SUBSTITUTE(SUBSTITUTE(_xlfn.TEXTJOIN("_", FALSE, J13, SUBSTITUTE(D13,"_", "")), "/", "%2F"), ":", "%3A"), " ", "")),TRIM(SUBSTITUTE(SUBSTITUTE(SUBSTITUTE(_xlfn.TEXTJOIN("_", FALSE, C13, SUBSTITUTE(D13,"_", "")), "/", "%2F"), ":", "%3A"), " ", ""))) -> 10.1159%2F000319019_Table1 | M13: {=IFERROR(INDEX(FileList!$A$1:$A$100, MATCH(L13, _xlfn.TEXTBEFORE(FileList!$A$1:$A$100, ".tsv"), 0)), "notfound")} -> 10.1159%2F000319019_Table1.tsv | N13: Table 1. Cellular composition of the spinal cord | P13: FINISHED | Q13: added | R13: Burish_etal_2010_Table1_snapshot.csv | T13: Burish_etal_2010_Table1.csv | U13: pdf | V13: table | X13: https://doi.org/10.1159/000319019 | Z13: primary (averages) | AC13: number spinal cord neurons | AE13: primates and tree shrew
A14: Caspar, K. R., Pallasdies, F., Mader, L., Sartorelli, H., & Begall, S. (2022). The evolution and biological correlates of hand preferences in anthropoid primates. Elife, 11, e77875. https://doi.org/10.7554/eLife.77875 | D14: Supplementary file 3 | E14: =RIGHT(A14,1) -> 5 | F14: =G14 & IF(H14<>"", "_" & H14, "_") & IF(I14<>"", "_" & I14, "_") & IF(B14<>"", "_" & B14, "") -> Caspar_etal_2022 | G14: =SUBSTITUTE(SUBSTITUTE(_xlfn.TEXTBEFORE(A14,","), "-", ""), " ", "") -> Caspar | H14: =IF(ISNUMBER(FIND("&", A14)), IF(LEN(A14)-LEN(SUBSTITUTE(A14, ",", ""))>=6, "etal", MID(A14, SEARCH("& ", A14)+2, SEARCH(",", A14, SEARCH("& ", A14)+2) - SEARCH("& ", A14)-2)), "" ) -> etal | I14: =_xlfn.TEXTBEFORE(_xlfn.TEXTAFTER(A14, "("), ")") -> 2022 | J14: =IF(C14<>"", C14, IF(C14="", _xlfn.TEXTAFTER(A14,"https://doi.org/"), C14)) -> 10.7554/eLife.77875 | K14: =TRIM(_xlfn.TEXTJOIN("_",FALSE,F14,(SUBSTITUTE(SUBSTITUTE(D14," ",""), "_", "")))) -> Caspar_etal_2022_Supplementaryfile3 | L14: =IF(ISBLANK(C14),TRIM(SUBSTITUTE(SUBSTITUTE(SUBSTITUTE(_xlfn.TEXTJOIN("_", FALSE, J14, SUBSTITUTE(D14,"_", "")), "/", "%2F"), ":", "%3A"), " ", "")),TRIM(SUBSTITUTE(SUBSTITUTE(SUBSTITUTE(_xlfn.TEXTJOIN("_", FALSE, C14, SUBSTITUTE(D14,"_", "")), "/", "%2F"), ":", "%3A"), " ", ""))) -> 10.7554%2FeLife.77875_Supplementaryfile3 | M14: {=IFERROR(INDEX(FileList!$A$1:$A$100, MATCH(L14, _xlfn.TEXTBEFORE(FileList!$A$1:$A$100, ".tsv"), 0)), "notfound")} -> 10.7554%2FeLife.77875_Supplementaryfile3.tsv | N14: part 2: ecological table | P14: FINISHED | Q14: added | R14: elife-77875-supp3-v1.xlsx | S14: N | T14: =IF(S14="N", R14, "write file name") -> elife-77875-supp3-v1.xlsx | U14: xlsx | V14: table | W14: YES - download link | X14: https://cdn.elifesciences.org/articles/77875/elife-77875-supp3-v1.xlsx | Y14: Habitual Tool Use, Ecology, Female brain size | Z14: secondary | AE14: primates
A15: Caspar, K. R., Pallasdies, F., Mader, L., Sartorelli, H., & Begall, S. (2022). The evolution and biological correlates of hand preferences in anthropoid primates. Elife, 11, e77875. https://doi.org/10.7554/eLife.77875 | D15: Table 1 | E15: =RIGHT(A15,1) -> 5 | F15: =G15 & IF(H15<>"", "_" & H15, "_") & IF(I15<>"", "_" & I15, "_") & IF(B15<>"", "_" & B15, "") -> Caspar_etal_2022 | G15: =SUBSTITUTE(SUBSTITUTE(_xlfn.TEXTBEFORE(A15,","), "-", ""), " ", "") -> Caspar | H15: =IF(ISNUMBER(FIND("&", A15)), IF(LEN(A15)-LEN(SUBSTITUTE(A15, ",", ""))>=6, "etal", MID(A15, SEARCH("& ", A15)+2, SEARCH(",", A15, SEARCH("& ", A15)+2) - SEARCH("& ", A15)-2)), "" ) -> etal | I15: =_xlfn.TEXTBEFORE(_xlfn.TEXTAFTER(A15, "("), ")") -> 2022 | J15: =IF(C15<>"", C15, IF(C15="", _xlfn.TEXTAFTER(A15,"https://doi.org/"), C15)) -> 10.7554/eLife.77875 | K15: =TRIM(_xlfn.TEXTJOIN("_",FALSE,F15,(SUBSTITUTE(SUBSTITUTE(D15," ",""), "_", "")))) -> Caspar_etal_2022_Table1 | L15: =IF(ISBLANK(C15),TRIM(SUBSTITUTE(SUBSTITUTE(SUBSTITUTE(_xlfn.TEXTJOIN("_", FALSE, J15, SUBSTITUTE(D15,"_", "")), "/", "%2F"), ":", "%3A"), " ", "")),TRIM(SUBSTITUTE(SUBSTITUTE(SUBSTITUTE(_xlfn.TEXTJOIN("_", FALSE, C15, SUBSTITUTE(D15,"_", "")), "/", "%2F"), ":", "%3A"), " ", ""))) -> 10.7554%2FeLife.77875_Table1 | M15: {=IFERROR(INDEX(FileList!$A$1:$A$100, MATCH(L15, _xlfn.TEXTBEFORE(FileList!$A$1:$A$100, ".tsv"), 0)), "notfound")} -> 10.7554%2FeLife.77875_Table1.tsv | N15: part 1: handedness summary table | P15: FINISHED | Q15: added | R15: Caspar_etal_2022_Table1_snapshot.xlsx | S15: Y | T15: Caspar_etal_2022_Table1.csv | U15: pdf | V15: table | W15: YES - but formatting issues | X15: https://elifesciences.org/download/aHR0cHM6Ly9jZG4uZWxpZmVzY2llbmNlcy5vcmcvYXJ0aWNsZXMvNzc4NzUvZWxpZmUtNzc4NzUtdjEucGRmP2Nhbm9uaWNhbFVyaT1odHRwczovL2VsaWZlc2NpZW5jZXMub3JnL2FydGljbGVzLzc3ODc1/elife-77875-v1.pdf?_hash=NStjcL9fTlmy3AQDwSiM0YgMVB3UYjO8nDg0UbwN5gM%3D | Y15: Handedness derived data | Z15: derived from primary | AD15: perhaps useful to get raw data as well? | AE15: primates
A16: Changizi, M. A. (2001). Principles underlying mammalian neocortical scaling. Biol Cybern, 84(3), 207-215. https://doi.org/10.1007/s004220000205 | D16: Figure 3 | E16: =RIGHT(A16,1) -> 5 | F16: =G16 & IF(H16<>"", "_" & H16, "_") & IF(I16<>"", "_" & I16, "_") & IF(B16<>"", "_" & B16, "") -> Changizi__2001 | G16: =SUBSTITUTE(SUBSTITUTE(_xlfn.TEXTBEFORE(A16,","), "-", ""), " ", "") -> Changizi | H16: =IF(ISNUMBER(FIND("&", A16)), IF(LEN(A16)-LEN(SUBSTITUTE(A16, ",", ""))>=6, "etal", MID(A16, SEARCH("& ", A16)+2, SEARCH(",", A16, SEARCH("& ", A16)+2) - SEARCH("& ", A16)-2)), "" ) | I16: =_xlfn.TEXTBEFORE(_xlfn.TEXTAFTER(A16, "("), ")") -> 2001 | J16: =IF(C16<>"", C16, IF(C16="", _xlfn.TEXTAFTER(A16,"https://doi.org/"), C16)) -> 10.1007/s004220000205 | K16: =TRIM(_xlfn.TEXTJOIN("_",FALSE,F16,(SUBSTITUTE(SUBSTITUTE(D16," ",""), "_", "")))) -> Changizi__2001_Figure3 | L16: =IF(ISBLANK(C16),TRIM(SUBSTITUTE(SUBSTITUTE(SUBSTITUTE(_xlfn.TEXTJOIN("_", FALSE, J16, SUBSTITUTE(D16,"_", "")), "/", "%2F"), ":", "%3A"), " ", "")),TRIM(SUBSTITUTE(SUBSTITUTE(SUBSTITUTE(_xlfn.TEXTJOIN("_", FALSE, C16, SUBSTITUTE(D16,"_", "")), "/", "%2F"), ":", "%3A"), " ", ""))) -> 10.1007%2Fs004220000205_Figure3 | M16: {=IFERROR(INDEX(FileList!$A$1:$A$100, MATCH(L16, _xlfn.TEXTBEFORE(FileList!$A$1:$A$100, ".tsv"), 0)), "notfound")} -> 10.1007%2Fs004220000205_Figure3.tsv | P16: Species -- wait for Project Kaskan | Q16: NA | R16: Changizi__2001_Figure3_snapshot.csv | S16: Y | T16: Changizi__2001_Figure3.csv | U16: pdf | V16: figure and caption | W16: NO - paywall | Y16: number of cortical areas | Z16: primary (derived from published materials) | AD16: summary to check more precise areas from ProjectKaskan
A17: Chen, Z., & Wiens, J. J. (2020). The origins of acoustic communication in vertebrates. Nature Communications, 11(1), 369. https://doi.org/10.1038/s41467-020-14356-3 | D17: Supplementary Data 3 | E17: =RIGHT(A17,1) -> 3 | F17: =G17 & IF(H17<>"", "_" & H17, "_") & IF(I17<>"", "_" & I17, "_") & IF(B17<>"", "_" & B17, "") -> Chen_Wiens_2020 | G17: =SUBSTITUTE(SUBSTITUTE(_xlfn.TEXTBEFORE(A17,","), "-", ""), " ", "") -> Chen | H17: =IF(ISNUMBER(FIND("&", A17)), IF(LEN(A17)-LEN(SUBSTITUTE(A17, ",", ""))>=6, "etal", MID(A17, SEARCH("& ", A17)+2, SEARCH(",", A17, SEARCH("& ", A17)+2) - SEARCH("& ", A17)-2)), "" ) -> Wiens | I17: =_xlfn.TEXTBEFORE(_xlfn.TEXTAFTER(A17, "("), ")") -> 2020 | J17: =IF(C17<>"", C17, IF(C17="", _xlfn.TEXTAFTER(A17,"https://doi.org/"), C17)) -> 10.1038/s41467-020-14356-3 | K17: =TRIM(_xlfn.TEXTJOIN("_",FALSE,F17,(SUBSTITUTE(SUBSTITUTE(D17," ",""), "_", "")))) -> Chen_Wiens_2020_SupplementaryData3 | L17: =IF(ISBLANK(C17),TRIM(SUBSTITUTE(SUBSTITUTE(SUBSTITUTE(_xlfn.TEXTJOIN("_", FALSE, J17, SUBSTITUTE(D17,"_", "")), "/", "%2F"), ":", "%3A"), " ", "")),TRIM(SUBSTITUTE(SUBSTITUTE(SUBSTITUTE(_xlfn.TEXTJOIN("_", FALSE, C17, SUBSTITUTE(D17,"_", "")), "/", "%2F"), ":", "%3A"), " ", ""))) -> 10.1038%2Fs41467-020-14356-3_SupplementaryData3 | M17: {=IFERROR(INDEX(FileList!$A$1:$A$100, MATCH(L17, _xlfn.TEXTBEFORE(FileList!$A$1:$A$100, ".tsv"), 0)), "notfound")} -> 10.1038%2Fs41467-020-14356-3_SupplementaryData3.tsv | P17: FINISHED | Q17: added | R17: 41467_2020_14356_MOESM6_ESM.xlsx | S17: N | T17: =IF(S17="N", R17, "write file name") -> 41467_2020_14356_MOESM6_ESM.xlsx | U17: xlsx | V17: table | W17: YES - download link | X17: https://static-content.springer.com/esm/art%3A10.1038%2Fs41467-020-14356-3/MediaObjects/41467_2020_14356_MOESM6_ESM.xlsx | Y17: acoustic communication | Z17: secondary | AC17: dial activity (Supp 4) | AD17: maybe delete: not relevent in current dataset, unless for imputations? | AE17: vertebrates
A18: Collins, C. E., Airey, D. C., Young, N. A., Leitch, D. B., & Kaas, J. H. (2010). Neuron densities vary across and within cortical areas in primates. Proc Natl Acad Sci U S A, 107(36), 15927-15932. https://doi.org/10.1073/pnas.1010356107 | D18: Dataset S1 | E18: =RIGHT(A18,1) -> 7 | F18: =G18 & IF(H18<>"", "_" & H18, "_") & IF(I18<>"", "_" & I18, "_") & IF(B18<>"", "_" & B18, "") -> Collins_etal_2010 | G18: =SUBSTITUTE(SUBSTITUTE(_xlfn.TEXTBEFORE(A18,","), "-", ""), " ", "") -> Collins | H18: =IF(ISNUMBER(FIND("&", A18)), IF(LEN(A18)-LEN(SUBSTITUTE(A18, ",", ""))>=6, "etal", MID(A18, SEARCH("& ", A18)+2, SEARCH(",", A18, SEARCH("& ", A18)+2) - SEARCH("& ", A18)-2)), "" ) -> etal | I18: =_xlfn.TEXTBEFORE(_xlfn.TEXTAFTER(A18, "("), ")") -> 2010 | J18: =IF(C18<>"", C18, IF(C18="", _xlfn.TEXTAFTER(A18,"https://doi.org/"), C18)) -> 10.1073/pnas.1010356107 | K18: =TRIM(_xlfn.TEXTJOIN("_",FALSE,F18,(SUBSTITUTE(SUBSTITUTE(D18," ",""), "_", "")))) -> Collins_etal_2010_DatasetS1 | L18: =IF(ISBLANK(C18),TRIM(SUBSTITUTE(SUBSTITUTE(SUBSTITUTE(_xlfn.TEXTJOIN("_", FALSE, J18, SUBSTITUTE(D18,"_", "")), "/", "%2F"), ":", "%3A"), " ", "")),TRIM(SUBSTITUTE(SUBSTITUTE(SUBSTITUTE(_xlfn.TEXTJOIN("_", FALSE, C18, SUBSTITUTE(D18,"_", "")), "/", "%2F"), ":", "%3A"), " ", ""))) -> 10.1073%2Fpnas.1010356107_DatasetS1 | M18: {=IFERROR(INDEX(FileList!$A$1:$A$100, MATCH(L18, _xlfn.TEXTBEFORE(FileList!$A$1:$A$100, ".tsv"), 0)), "notfound")} -> notfound | Y18: cortical area surface area, neuron density | Z18: primary
A19: Collins, C. E., Turner, E. C., Sawyer, E. K., Reed, J. L., Young, N. A., Flaherty, D. K., & Kaas, J. H. (2016). Cortical cell and neuron density estimates in one chimpanzee hemisphere. Proc Natl Acad Sci U S A, 113(3), 740-745. https://doi.org/10.1073/pnas.1524208113 | D19: Table1 | E19: =RIGHT(A19,1) -> 3 | F19: =G19 & IF(H19<>"", "_" & H19, "_") & IF(I19<>"", "_" & I19, "_") & IF(B19<>"", "_" & B19, "") -> Collins_etal_2016 | G19: =SUBSTITUTE(SUBSTITUTE(_xlfn.TEXTBEFORE(A19,","), "-", ""), " ", "") -> Collins | H19: =IF(ISNUMBER(FIND("&", A19)), IF(LEN(A19)-LEN(SUBSTITUTE(A19, ",", ""))>=6, "etal", MID(A19, SEARCH("& ", A19)+2, SEARCH(",", A19, SEARCH("& ", A19)+2) - SEARCH("& ", A19)-2)), "" ) -> etal | I19: =_xlfn.TEXTBEFORE(_xlfn.TEXTAFTER(A19, "("), ")") -> 2016 | J19: =IF(C19<>"", C19, IF(C19="", _xlfn.TEXTAFTER(A19,"https://doi.org/"), C19)) -> 10.1073/pnas.1524208113 | K19: =TRIM(_xlfn.TEXTJOIN("_",FALSE,F19,(SUBSTITUTE(SUBSTITUTE(D19," ",""), "_", "")))) -> Collins_etal_2016_Table1 | L19: =IF(ISBLANK(C19),TRIM(SUBSTITUTE(SUBSTITUTE(SUBSTITUTE(_xlfn.TEXTJOIN("_", FALSE, J19, SUBSTITUTE(D19,"_", "")), "/", "%2F"), ":", "%3A"), " ", "")),TRIM(SUBSTITUTE(SUBSTITUTE(SUBSTITUTE(_xlfn.TEXTJOIN("_", FALSE, C19, SUBSTITUTE(D19,"_", "")), "/", "%2F"), ":", "%3A"), " ", ""))) -> 10.1073%2Fpnas.1524208113_Table1 | M19: {=IFERROR(INDEX(FileList!$A$1:$A$100, MATCH(L19, _xlfn.TEXTBEFORE(FileList!$A$1:$A$100, ".tsv"), 0)), "notfound")} -> notfound | N19: Cortical cell and neuron density in one chimpanzee hemisphere (Table 1) | V19: table | Y19: cortical neuron/cell density | Z19: primary | AA19: Kaas | AB19: isotropic fractionator
A20: de Sousa, A. A., Sherwood, C. C., Hof, P. R., & Zilles, K. (2013). Lamination of the lateral geniculate nucleus of catarrhine primates. Brain Behav Evol, 81(2), 93-108. https://doi.org/10.1159/000346495 | D20: Table1 | E20: =RIGHT(A20,1) -> 5 | F20: =G20 & IF(H20<>"", "_" & H20, "_") & IF(I20<>"", "_" & I20, "_") & IF(B20<>"", "_" & B20, "") -> deSousa_etal_2013 | G20: =SUBSTITUTE(SUBSTITUTE(_xlfn.TEXTBEFORE(A20,","), "-", ""), " ", "") -> deSousa | H20: =IF(ISNUMBER(FIND("&", A20)), IF(LEN(A20)-LEN(SUBSTITUTE(A20, ",", ""))>=6, "etal", MID(A20, SEARCH("& ", A20)+2, SEARCH(",", A20, SEARCH("& ", A20)+2) - SEARCH("& ", A20)-2)), "" ) -> etal | I20: =_xlfn.TEXTBEFORE(_xlfn.TEXTAFTER(A20, "("), ")") -> 2013 | J20: =IF(C20<>"", C20, IF(C20="", _xlfn.TEXTAFTER(A20,"https://doi.org/"), C20)) -> 10.1159/000346495 | K20: =TRIM(_xlfn.TEXTJOIN("_",FALSE,F20,(SUBSTITUTE(SUBSTITUTE(D20," ",""), "_", "")))) -> deSousa_etal_2013_Table1 | L20: =IF(ISBLANK(C20),TRIM(SUBSTITUTE(SUBSTITUTE(SUBSTITUTE(_xlfn.TEXTJOIN("_", FALSE, J20, SUBSTITUTE(D20,"_", "")), "/", "%2F"), ":", "%3A"), " ", "")),TRIM(SUBSTITUTE(SUBSTITUTE(SUBSTITUTE(_xlfn.TEXTJOIN("_", FALSE, C20, SUBSTITUTE(D20,"_", "")), "/", "%2F"), ":", "%3A"), " ", ""))) -> 10.1159%2F000346495_Table1 | M20: {=IFERROR(INDEX(FileList!$A$1:$A$100, MATCH(L20, _xlfn.TEXTBEFORE(FileList!$A$1:$A$100, ".tsv"), 0)), "notfound")} -> notfound | N20: Lamination of the LGN of catarrhine primates (Table 1) | V20: table | Y20: LGN lamination volumes | Z20: primary | AA20: Stephan | AB20: volumetry
A21: de Sousa, A. A., Sherwood, C. C., Mohlberg, H., Amunts, K., Schleicher, A., MacLeod, C. E., Hof, P. R., Frahm, H., & Zilles, K. (2010). Hominoid visual brain structure volumes and the position of the lunate sulcus. J Hum Evol, 58(4), 281-292. https://doi.org/10.1016/j.jhevol.2009.11.011 | D21: Table1 | E21: =RIGHT(A21,1) -> 1 | F21: =G21 & IF(H21<>"", "_" & H21, "_") & IF(I21<>"", "_" & I21, "_") & IF(B21<>"", "_" & B21, "") -> deSousa_etal_2010 | G21: =SUBSTITUTE(SUBSTITUTE(_xlfn.TEXTBEFORE(A21,","), "-", ""), " ", "") -> deSousa | H21: =IF(ISNUMBER(FIND("&", A21)), IF(LEN(A21)-LEN(SUBSTITUTE(A21, ",", ""))>=6, "etal", MID(A21, SEARCH("& ", A21)+2, SEARCH(",", A21, SEARCH("& ", A21)+2) - SEARCH("& ", A21)-2)), "" ) -> etal | I21: =_xlfn.TEXTBEFORE(_xlfn.TEXTAFTER(A21, "("), ")") -> 2010 | J21: =IF(C21<>"", C21, IF(C21="", _xlfn.TEXTAFTER(A21,"https://doi.org/"), C21)) -> 10.1016/j.jhevol.2009.11.011 | K21: =TRIM(_xlfn.TEXTJOIN("_",FALSE,F21,(SUBSTITUTE(SUBSTITUTE(D21," ",""), "_", "")))) -> deSousa_etal_2010_Table1 | L21: =IF(ISBLANK(C21),TRIM(SUBSTITUTE(SUBSTITUTE(SUBSTITUTE(_xlfn.TEXTJOIN("_", FALSE, J21, SUBSTITUTE(D21,"_", "")), "/", "%2F"), ":", "%3A"), " ", "")),TRIM(SUBSTITUTE(SUBSTITUTE(SUBSTITUTE(_xlfn.TEXTJOIN("_", FALSE, C21, SUBSTITUTE(D21,"_", "")), "/", "%2F"), ":", "%3A"), " ", ""))) -> 10.1016%2Fj.jhevol.2009.11.011_Table1 | M21: {=IFERROR(INDEX(FileList!$A$1:$A$100, MATCH(L21, _xlfn.TEXTBEFORE(FileList!$A$1:$A$100, ".tsv"), 0)), "notfound")} -> notfound | N21: Hominoid visual brain structure volumes (Table 1) | V21: table | Y21: visual brain structure volumes | Z21: primary | AA21: Stephan | AB21: volumetry
A22: DeCasien, A. R., & Higham, J. P. (2019). Primate mosaic brain evolution reflects selection on sensory and cognitive specialization. Nat Ecol Evol, 3(10), 1483-1493. https://doi.org/10.1038/s41559-019-0969-0 | D22: Supplementary Data 1-Brain Region | E22: =RIGHT(A22,1) -> 0 | F22: =G22 & IF(H22<>"", "_" & H22, "_") & IF(I22<>"", "_" & I22, "_") & IF(B22<>"", "_" & B22, "") -> DeCasien_Higham_2019 | G22: =SUBSTITUTE(SUBSTITUTE(_xlfn.TEXTBEFORE(A22,","), "-", ""), " ", "") -> DeCasien | H22: =IF(ISNUMBER(FIND("&", A22)), IF(LEN(A22)-LEN(SUBSTITUTE(A22, ",", ""))>=6, "etal", MID(A22, SEARCH("& ", A22)+2, SEARCH(",", A22, SEARCH("& ", A22)+2) - SEARCH("& ", A22)-2)), "" ) -> Higham | I22: =_xlfn.TEXTBEFORE(_xlfn.TEXTAFTER(A22, "("), ")") -> 2019 | J22: =IF(C22<>"", C22, IF(C22="", _xlfn.TEXTAFTER(A22,"https://doi.org/"), C22)) -> 10.1038/s41559-019-0969-0 | K22: =TRIM(_xlfn.TEXTJOIN("_",FALSE,F22,(SUBSTITUTE(SUBSTITUTE(D22," ",""), "_", "")))) -> DeCasien_Higham_2019_SupplementaryData1-BrainRegion | L22: =IF(ISBLANK(C22),TRIM(SUBSTITUTE(SUBSTITUTE(SUBSTITUTE(_xlfn.TEXTJOIN("_", FALSE, J22, SUBSTITUTE(D22,"_", "")), "/", "%2F"), ":", "%3A"), " ", "")),TRIM(SUBSTITUTE(SUBSTITUTE(SUBSTITUTE(_xlfn.TEXTJOIN("_", FALSE, C22, SUBSTITUTE(D22,"_", "")), "/", "%2F"), ":", "%3A"), " ", ""))) -> 10.1038%2Fs41559-019-0969-0_SupplementaryData1-BrainRegion | M22: {=IFERROR(INDEX(FileList!$A$1:$A$100, MATCH(L22, _xlfn.TEXTBEFORE(FileList!$A$1:$A$100, ".tsv"), 0)), "notfound")} -> notfound | N22: Supplementary Data 1 Brain Region Data (mm3) | U22: xlsx | V22: table Sheet 1 | W22: YES - download link | X22: https://www.nature.com/articles/s41559-019-0969-0#Sec13 | Y22: Brain Regions Volumes | Z22: secondary | AD22: mostly Stephan and other Ddorf studies | AE22: primates
A23: DeCasien, A. R., & Higham, J. P. (2019). Primate mosaic brain evolution reflects selection on sensory and cognitive specialization. Nat Ecol Evol, 3(10), 1483-1493. https://doi.org/10.1038/s41559-019-0969-0 | D23: Supplementary Data 1-Activity Period | E23: =RIGHT(A23,1) -> 0 | F23: =G23 & IF(H23<>"", "_" & H23, "_") & IF(I23<>"", "_" & I23, "_") & IF(B23<>"", "_" & B23, "") -> DeCasien_Higham_2019 | G23: =SUBSTITUTE(SUBSTITUTE(_xlfn.TEXTBEFORE(A23,","), "-", ""), " ", "") -> DeCasien | H23: =IF(ISNUMBER(FIND("&", A23)), IF(LEN(A23)-LEN(SUBSTITUTE(A23, ",", ""))>=6, "etal", MID(A23, SEARCH("& ", A23)+2, SEARCH(",", A23, SEARCH("& ", A23)+2) - SEARCH("& ", A23)-2)), "" ) -> Higham | I23: =_xlfn.TEXTBEFORE(_xlfn.TEXTAFTER(A23, "("), ")") -> 2019 | J23: =IF(C23<>"", C23, IF(C23="", _xlfn.TEXTAFTER(A23,"https://doi.org/"), C23)) -> 10.1038/s41559-019-0969-0 | K23: =TRIM(_xlfn.TEXTJOIN("_",FALSE,F23,(SUBSTITUTE(SUBSTITUTE(D24," ",""), "_", "")))) -> DeCasien_Higham_2019_SupplementaryData1-Diet | L23: =IF(ISBLANK(C23),TRIM(SUBSTITUTE(SUBSTITUTE(SUBSTITUTE(_xlfn.TEXTJOIN("_", FALSE, J23, SUBSTITUTE(D24,"_", "")), "/", "%2F"), ":", "%3A"), " ", "")),TRIM(SUBSTITUTE(SUBSTITUTE(SUBSTITUTE(_xlfn.TEXTJOIN("_", FALSE, C23, SUBSTITUTE(D24,"_", "")), "/", "%2F"), ":", "%3A"), " ", ""))) -> 10.1038%2Fs41559-019-0969-0_SupplementaryData1-Diet | M23: {=IFERROR(INDEX(FileList!$A$1:$A$100, MATCH(L23, _xlfn.TEXTBEFORE(FileList!$A$1:$A$100, ".tsv"), 0)), "notfound")} -> notfound | N23: Supplementary Data 1 Brain Region Data (mm3) | U23: xlsx | V23: table Sheet 1 | W23: YES - download link | X23: https://www.nature.com/articles/s41559-019-0969-0#Sec13 | Y23: Activity Period | Z23: secondary | AE23: primates
A24: DeCasien, A. R., & Higham, J. P. (2019). Primate mosaic brain evolution reflects selection on sensory and cognitive specialization. Nat Ecol Evol, 3(10), 1483-1493. https://doi.org/10.1038/s41559-019-0969-0 | D24: Supplementary Data 1-Diet | E24: =RIGHT(A24,1) -> 0 | F24: =G24 & IF(H24<>"", "_" & H24, "_") & IF(I24<>"", "_" & I24, "_") & IF(B24<>"", "_" & B24, "") -> DeCasien_Higham_2019 | G24: =SUBSTITUTE(SUBSTITUTE(_xlfn.TEXTBEFORE(A24,","), "-", ""), " ", "") -> DeCasien | H24: =IF(ISNUMBER(FIND("&", A24)), IF(LEN(A24)-LEN(SUBSTITUTE(A24, ",", ""))>=6, "etal", MID(A24, SEARCH("& ", A24)+2, SEARCH(",", A24, SEARCH("& ", A24)+2) - SEARCH("& ", A24)-2)), "" ) -> Higham | I24: =_xlfn.TEXTBEFORE(_xlfn.TEXTAFTER(A24, "("), ")") -> 2019 | J24: =IF(C24<>"", C24, IF(C24="", _xlfn.TEXTAFTER(A24,"https://doi.org/"), C24)) -> 10.1038/s41559-019-0969-0 | K24: =TRIM(_xlfn.TEXTJOIN("_",FALSE,F24,(SUBSTITUTE(SUBSTITUTE(D25," ",""), "_", "")))) -> DeCasien_Higham_2019_SupplementaryData1-SocialSystem | L24: =IF(ISBLANK(C24),TRIM(SUBSTITUTE(SUBSTITUTE(SUBSTITUTE(_xlfn.TEXTJOIN("_", FALSE, J24, SUBSTITUTE(D25,"_", "")), "/", "%2F"), ":", "%3A"), " ", "")),TRIM(SUBSTITUTE(SUBSTITUTE(SUBSTITUTE(_xlfn.TEXTJOIN("_", FALSE, C24, SUBSTITUTE(D25,"_", "")), "/", "%2F"), ":", "%3A"), " ", ""))) -> 10.1038%2Fs41559-019-0969-0_SupplementaryData1-SocialSystem | M24: {=IFERROR(INDEX(FileList!$A$1:$A$100, MATCH(L24, _xlfn.TEXTBEFORE(FileList!$A$1:$A$100, ".tsv"), 0)), "notfound")} -> notfound | N24: Supplementary Data 1 Brain Region Data (mm3) | U24: xlsx | V24: table Sheet 1 | W24: YES - download link | X24: https://www.nature.com/articles/s41559-019-0969-0#Sec13 | Y24: Diet | Z24: secondary | AE24: primates
A25: DeCasien, A. R., & Higham, J. P. (2019). Primate mosaic brain evolution reflects selection on sensory and cognitive specialization. Nat Ecol Evol, 3(10), 1483-1493. https://doi.org/10.1038/s41559-019-0969-0 | D25: Supplementary Data 1-Social System | E25: =RIGHT(A25,1) -> 0 | F25: =G25 & IF(H25<>"", "_" & H25, "_") & IF(I25<>"", "_" & I25, "_") & IF(B25<>"", "_" & B25, "") -> DeCasien_Higham_2019 | G25: =SUBSTITUTE(SUBSTITUTE(_xlfn.TEXTBEFORE(A25,","), "-", ""), " ", "") -> DeCasien | H25: =IF(ISNUMBER(FIND("&", A25)), IF(LEN(A25)-LEN(SUBSTITUTE(A25, ",", ""))>=6, "etal", MID(A25, SEARCH("& ", A25)+2, SEARCH(",", A25, SEARCH("& ", A25)+2) - SEARCH("& ", A25)-2)), "" ) -> Higham | I25: =_xlfn.TEXTBEFORE(_xlfn.TEXTAFTER(A25, "("), ")") -> 2019 | J25: =IF(C25<>"", C25, IF(C25="", _xlfn.TEXTAFTER(A25,"https://doi.org/"), C25)) -> 10.1038/s41559-019-0969-0 | K25: =TRIM(_xlfn.TEXTJOIN("_",FALSE,F25,(SUBSTITUTE(SUBSTITUTE(D25," ",""), "_", "")))) -> DeCasien_Higham_2019_SupplementaryData1-SocialSystem | L25: =IF(ISBLANK(C25),TRIM(SUBSTITUTE(SUBSTITUTE(SUBSTITUTE(_xlfn.TEXTJOIN("_", FALSE, J25, SUBSTITUTE(D25,"_", "")), "/", "%2F"), ":", "%3A"), " ", "")),TRIM(SUBSTITUTE(SUBSTITUTE(SUBSTITUTE(_xlfn.TEXTJOIN("_", FALSE, C25, SUBSTITUTE(D25,"_", "")), "/", "%2F"), ":", "%3A"), " ", ""))) -> 10.1038%2Fs41559-019-0969-0_SupplementaryData1-SocialSystem | M25: {=IFERROR(INDEX(FileList!$A$1:$A$100, MATCH(L25, _xlfn.TEXTBEFORE(FileList!$A$1:$A$100, ".tsv"), 0)), "notfound")} -> notfound | N25: Supplementary Data 1 Brain Region Data (mm3) | U25: xlsx | V25: table Sheet 1 | W25: YES - download link | X25: https://www.nature.com/articles/s41559-019-0969-0#Sec13 | Y25: Social System | Z25: secondary | AE25: primates
A26: Dos Santos, S. E., Medeiros, M., Porfirio, J., Tavares, W., Pessoa, L., Grinberg, L., Leite, R. E. P., Ferretti-Rebustini, R. E. L., Suemoto, C. K., Filho, W. J., Noctor, S. C., Sherwood, C. C., Kaas, J. H., Manger, P. R., & Herculano-Houzel, S. (2020). Similar Microglial Cell Densities across Brain Structures and Mammalian Species: Implications for Brain Tissue Function. J Neurosci, 40(24), 4622-4643. https://doi.org/10.1523/JNEUROSCI.2339-19.2020 | D26: Table 1 | E26: =RIGHT(A26,1) -> 0 | F26: =G26 & IF(H26<>"", "_" & H26, "_") & IF(I26<>"", "_" & I26, "_") & IF(B26<>"", "_" & B26, "") -> DosSantos_etal_2020 | G26: =SUBSTITUTE(SUBSTITUTE(_xlfn.TEXTBEFORE(A26,","), "-", ""), " ", "") -> DosSantos | H26: =IF(ISNUMBER(FIND("&", A26)), IF(LEN(A26)-LEN(SUBSTITUTE(A26, ",", ""))>=6, "etal", MID(A26, SEARCH("& ", A26)+2, SEARCH(",", A26, SEARCH("& ", A26)+2) - SEARCH("& ", A26)-2)), "" ) -> etal | I26: =_xlfn.TEXTBEFORE(_xlfn.TEXTAFTER(A26, "("), ")") -> 2020 | J26: =IF(C26<>"", C26, IF(C26="", _xlfn.TEXTAFTER(A26,"https://doi.org/"), C26)) -> 10.1523/JNEUROSCI.2339-19.2020 | K26: =TRIM(_xlfn.TEXTJOIN("_",FALSE,F26,(SUBSTITUTE(SUBSTITUTE(D26," ",""), "_", "")))) -> DosSantos_etal_2020_Table1 | L26: =IF(ISBLANK(C26),TRIM(SUBSTITUTE(SUBSTITUTE(SUBSTITUTE(_xlfn.TEXTJOIN("_", FALSE, J26, SUBSTITUTE(D26,"_", "")), "/", "%2F"), ":", "%3A"), " ", "")),TRIM(SUBSTITUTE(SUBSTITUTE(SUBSTITUTE(_xlfn.TEXTJOIN("_", FALSE, C26, SUBSTITUTE(D26,"_", "")), "/", "%2F"), ":", "%3A"), " ", ""))) -> 10.1523%2FJNEUROSCI.2339-19.2020_Table1 | M26: {=IFERROR(INDEX(FileList!$A$1:$A$100, MATCH(L26, _xlfn.TEXTBEFORE(FileList!$A$1:$A$100, ".tsv"), 0)), "notfound")} -> 10.1523%2FJNEUROSCI.2339-19.2020_Table1.tsv | P26: FINISHED | Q26: added | R26: DosSantos_etal_2020_Table1_snapshot.csv | S26: Y | T26: DosSantos_etal_2020_Table1.csv | U26: pdf online | V26: table | Y26: Cell numbers, region size | Z26: primary; secondary (compiled team data) | AA26: HH | AB26: HH | AE26: microglia
A27: Dos Santos, S. E., Medeiros, M., Porfirio, J., Tavares, W., Pessoa, L., Grinberg, L., Leite, R. E. P., Ferretti-Rebustini, R. E. L., Suemoto, C. K., Filho, W. J., Noctor, S. C., Sherwood, C. C., Kaas, J. H., Manger, P. R., & Herculano-Houzel, S. (2020). Similar Microglial Cell Densities across Brain Structures and Mammalian Species: Implications for Brain Tissue Function. J Neurosci, 40(24), 4622-4643. https://doi.org/10.1523/JNEUROSCI.2339-19.2020 | D27: unpublished | E27: =RIGHT(A27,1) -> 0 | F27: =G27 & IF(H27<>"", "_" & H27, "_") & IF(I27<>"", "_" & I27, "_") & IF(B27<>"", "_" & B27, "") -> DosSantos_etal_2020 | G27: =SUBSTITUTE(SUBSTITUTE(_xlfn.TEXTBEFORE(A27,","), "-", ""), " ", "") -> DosSantos | H27: =IF(ISNUMBER(FIND("&", A27)), IF(LEN(A27)-LEN(SUBSTITUTE(A27, ",", ""))>=6, "etal", MID(A27, SEARCH("& ", A27)+2, SEARCH(",", A27, SEARCH("& ", A27)+2) - SEARCH("& ", A27)-2)), "" ) -> etal | I27: =_xlfn.TEXTBEFORE(_xlfn.TEXTAFTER(A27, "("), ")") -> 2020 | J27: =IF(C27<>"", C27, IF(C27="", _xlfn.TEXTAFTER(A27,"https://doi.org/"), C27)) -> 10.1523/JNEUROSCI.2339-19.2020 | K27: =TRIM(_xlfn.TEXTJOIN("_",FALSE,F27,(SUBSTITUTE(SUBSTITUTE(D27," ",""), "_", "")))) -> DosSantos_etal_2020_unpublished | L27: =IF(ISBLANK(C27),TRIM(SUBSTITUTE(SUBSTITUTE(SUBSTITUTE(_xlfn.TEXTJOIN("_", FALSE, J27, SUBSTITUTE(D27,"_", "")), "/", "%2F"), ":", "%3A"), " ", "")),TRIM(SUBSTITUTE(SUBSTITUTE(SUBSTITUTE(_xlfn.TEXTJOIN("_", FALSE, C27, SUBSTITUTE(D27,"_", "")), "/", "%2F"), ":", "%3A"), " ", ""))) -> 10.1523%2FJNEUROSCI.2339-19.2020_unpublished | M27: {=IFERROR(INDEX(FileList!$A$1:$A$100, MATCH(L27, _xlfn.TEXTBEFORE(FileList!$A$1:$A$100, ".tsv"), 0)), "notfound")} -> 10.1523%2FJNEUROSCI.2339-19.2020_unpublished.tsv | P27: FINISHED | Q27: added | R27: DosSantos_etal_2020_Table1_snapshot.csv | S27: Y | T27: DosSantos_etal_2020_Table1.csv | U27: pdf online | V27: table | X27: https://doi.org/10.1523/JNEUROSCI.2339-19.2020 | Y27: Cell numbers, region size | Z27: primary; secondary (compiled team data) | AA27: HH | AB27: HH | AE27: microglia
A28: Dos Santos, S. E., Porfirio, J., da Cunha, F. B., Manger, P. R., Tavares, W., Pessoa, L., Raghanti, M. A., Sherwood, C. C., & Herculano-Houzel, S. (2017). Cellular Scaling Rules for the Brains of Marsupials: Not as "Primitive" as Expected. Brain Behav Evol. https://doi.org/10.1159/000452856 | D28: Table S1 | E28: =RIGHT(A28,1) -> 6 | F28: =G28 & IF(H28<>"", "_" & H28, "_") & IF(I28<>"", "_" & I28, "_") & IF(B28<>"", "_" & B28, "") -> DosSantos_etal_2017 | G28: =SUBSTITUTE(SUBSTITUTE(_xlfn.TEXTBEFORE(A28,","), "-", ""), " ", "") -> DosSantos | H28: =IF(ISNUMBER(FIND("&", A28)), IF(LEN(A28)-LEN(SUBSTITUTE(A28, ",", ""))>=6, "etal", MID(A28, SEARCH("& ", A28)+2, SEARCH(",", A28, SEARCH("& ", A28)+2) - SEARCH("& ", A28)-2)), "" ) -> etal | I28: =_xlfn.TEXTBEFORE(_xlfn.TEXTAFTER(A28, "("), ")") -> 2017 | J28: =IF(C28<>"", C28, IF(C28="", _xlfn.TEXTAFTER(A28,"https://doi.org/"), C28)) -> 10.1159/000452856 | K28: =TRIM(_xlfn.TEXTJOIN("_",FALSE,F28,(SUBSTITUTE(SUBSTITUTE(D28," ",""), "_", "")))) -> DosSantos_etal_2017_TableS1 | L28: =IF(ISBLANK(C28),TRIM(SUBSTITUTE(SUBSTITUTE(SUBSTITUTE(_xlfn.TEXTJOIN("_", FALSE, J28, SUBSTITUTE(D28,"_", "")), "/", "%2F"), ":", "%3A"), " ", "")),TRIM(SUBSTITUTE(SUBSTITUTE(SUBSTITUTE(_xlfn.TEXTJOIN("_", FALSE, C28, SUBSTITUTE(D28,"_", "")), "/", "%2F"), ":", "%3A"), " ", ""))) -> 10.1159%2F000452856_TableS1 | M28: {=IFERROR(INDEX(FileList!$A$1:$A$100, MATCH(L28, _xlfn.TEXTBEFORE(FileList!$A$1:$A$100, ".tsv"), 0)), "notfound")} -> 10.1159%2F000452856_TableS1.tsv | O28: ERRATUM ! | P28: FINISHED | Q28: added | R28: DosSantos_etal_2017_TableS1_snapshot.csv | S28: Y | T28: DosSantos_etal_2017_TableS1.csv | U28: doc, erratum (on pdf) | V28: table, erratum | W28: YES - download link | X28: https://ndownloader.figstatic.com/files/7428211 | Y28: Cell numbers, region size | Z28: primary | AA28: HH | AB28: HH | AE28: marsupials | AF28: erratum
A29: Eagleman, D. M., & Vaughn, D. A. (2021). The Defensive Activation Theory: REM Sleep as a Mechanism to Prevent Takeover of the Visual Cortex [Hypothesis and Theory]. Front Neurosci, 15(598), 632853. https://doi.org/10.3389/fnins.2021.632853 | D29: TABLE 1 | E29: =RIGHT(A29,1) -> 3 | F29: =G29 & IF(H29<>"", "_" & H29, "_") & IF(I29<>"", "_" & I29, "_") & IF(B29<>"", "_" & B29, "") -> Eagleman_Vaughn_2021 | G29: =SUBSTITUTE(SUBSTITUTE(_xlfn.TEXTBEFORE(A29,","), "-", ""), " ", "") -> Eagleman | H29: =IF(ISNUMBER(FIND("&", A29)), IF(LEN(A29)-LEN(SUBSTITUTE(A29, ",", ""))>=6, "etal", MID(A29, SEARCH("& ", A29)+2, SEARCH(",", A29, SEARCH("& ", A29)+2) - SEARCH("& ", A29)-2)), "" ) -> Vaughn | I29: =_xlfn.TEXTBEFORE(_xlfn.TEXTAFTER(A29, "("), ")") -> 2021 | J29: =IF(C29<>"", C29, IF(C29="", _xlfn.TEXTAFTER(A29,"https://doi.org/"), C29)) -> 10.3389/fnins.2021.632853 | K29: =TRIM(_xlfn.TEXTJOIN("_",FALSE,F29,(SUBSTITUTE(SUBSTITUTE(D29," ",""), "_", "")))) -> Eagleman_Vaughn_2021_TABLE1 | L29: =IF(ISBLANK(C29),TRIM(SUBSTITUTE(SUBSTITUTE(SUBSTITUTE(_xlfn.TEXTJOIN("_", FALSE, J29, SUBSTITUTE(D29,"_", "")), "/", "%2F"), ":", "%3A"), " ", "")),TRIM(SUBSTITUTE(SUBSTITUTE(SUBSTITUTE(_xlfn.TEXTJOIN("_", FALSE, C29, SUBSTITUTE(D29,"_", "")), "/", "%2F"), ":", "%3A"), " ", ""))) -> 10.3389%2Ffnins.2021.632853_TABLE1 | M29: {=IFERROR(INDEX(FileList!$A$1:$A$100, MATCH(L29, _xlfn.TEXTBEFORE(FileList!$A$1:$A$100, ".tsv"), 0)), "notfound")} -> 10.3389%2Ffnins.2021.632853_TABLE1.tsv | N29: TABLE 1 | Three behavioral correlates of plasticity and the proportion of REM (versus non-REM) sleep in 25 primate species. | U29: pdf | Y29: proportion REM and developmental milestones | Z29: secondary
A30: Falcone, C., Wolf-Ochoa, M., Amina, S., Hong, T., Vakilzadeh, G., Hopkins, W. D., Hof, P. R., Sherwood, C. C., Manger, P. R., Noctor, S. C., & Martinez-Cerdeno, V. (2019). Cortical interlaminar astrocytes across the therian mammal radiation. J Comp Neurol, 527(10), 1654-1674. https://doi.org/10.1002/cne.24605 | D30: TABLE 1 | E30: =RIGHT(A30,1) -> 5 | F30: =G30 & IF(H30<>"", "_" & H30, "_") & IF(I30<>"", "_" & I30, "_") & IF(B30<>"", "_" & B30, "") -> Falcone_etal_2019 | G30: =SUBSTITUTE(SUBSTITUTE(_xlfn.TEXTBEFORE(A30,","), "-", ""), " ", "") -> Falcone | H30: =IF(ISNUMBER(FIND("&", A30)), IF(LEN(A30)-LEN(SUBSTITUTE(A30, ",", ""))>=6, "etal", MID(A30, SEARCH("& ", A30)+2, SEARCH(",", A30, SEARCH("& ", A30)+2) - SEARCH("& ", A30)-2)), "" ) -> etal | I30: =_xlfn.TEXTBEFORE(_xlfn.TEXTAFTER(A30, "("), ")") -> 2019 | J30: =IF(C30<>"", C30, IF(C30="", _xlfn.TEXTAFTER(A30,"https://doi.org/"), C30)) -> 10.1002/cne.24605 | K30: =TRIM(_xlfn.TEXTJOIN("_",FALSE,F30,(SUBSTITUTE(SUBSTITUTE(D30," ",""), "_", "")))) -> Falcone_etal_2019_TABLE1 | L30: =IF(ISBLANK(C30),TRIM(SUBSTITUTE(SUBSTITUTE(SUBSTITUTE(_xlfn.TEXTJOIN("_", FALSE, J30, SUBSTITUTE(D30,"_", "")), "/", "%2F"), ":", "%3A"), " ", "")),TRIM(SUBSTITUTE(SUBSTITUTE(SUBSTITUTE(_xlfn.TEXTJOIN("_", FALSE, C30, SUBSTITUTE(D30,"_", "")), "/", "%2F"), ":", "%3A"), " ", ""))) -> 10.1002%2Fcne.24605_TABLE1 | M30: {=IFERROR(INDEX(FileList!$A$1:$A$100, MATCH(L30, _xlfn.TEXTBEFORE(FileList!$A$1:$A$100, ".tsv"), 0)), "notfound")} -> 10.1002%2Fcne.24605_TABLE1.tsv | N30: TABLE 1 Pial and subpial ILA presence in mammalian species analyzed. Highlighted in red are the species where proper subpial ILA are present | U30: pdf | Z30: primary
A31: Falcone, C., Wolf-Ochoa, M., Amina, S., Hong, T., Vakilzadeh, G., Hopkins, W. D., Hof, P. R., Sherwood, C. C., Manger, P. R., Noctor, S. C., & Martinez-Cerdeno, V. (2019). Cortical interlaminar astrocytes across the therian mammal radiation. J Comp Neurol, 527(10), 1654-1674. https://doi.org/10.1002/cne.24605 | D31: TABLE 2 | E31: =RIGHT(A31,1) -> 5 | F31: =G31 & IF(H31<>"", "_" & H31, "_") & IF(I31<>"", "_" & I31, "_") & IF(B31<>"", "_" & B31, "") -> Falcone_etal_2019 | G31: =SUBSTITUTE(SUBSTITUTE(_xlfn.TEXTBEFORE(A31,","), "-", ""), " ", "") -> Falcone | H31: =IF(ISNUMBER(FIND("&", A31)), IF(LEN(A31)-LEN(SUBSTITUTE(A31, ",", ""))>=6, "etal", MID(A31, SEARCH("& ", A31)+2, SEARCH(",", A31, SEARCH("& ", A31)+2) - SEARCH("& ", A31)-2)), "" ) -> etal | I31: =_xlfn.TEXTBEFORE(_xlfn.TEXTAFTER(A31, "("), ")") -> 2019 | J31: =IF(C31<>"", C31, IF(C31="", _xlfn.TEXTAFTER(A31,"https://doi.org/"), C31)) -> 10.1002/cne.24605 | K31: =TRIM(_xlfn.TEXTJOIN("_",FALSE,F31,(SUBSTITUTE(SUBSTITUTE(D31," ",""), "_", "")))) -> Falcone_etal_2019_TABLE2 | L31: =IF(ISBLANK(C31),TRIM(SUBSTITUTE(SUBSTITUTE(SUBSTITUTE(_xlfn.TEXTJOIN("_", FALSE, J31, SUBSTITUTE(D31,"_", "")), "/", "%2F"), ":", "%3A"), " ", "")),TRIM(SUBSTITUTE(SUBSTITUTE(SUBSTITUTE(_xlfn.TEXTJOIN("_", FALSE, C31, SUBSTITUTE(D31,"_", "")), "/", "%2F"), ":", "%3A"), " ", ""))) -> 10.1002%2Fcne.24605_TABLE2 | M31: {=IFERROR(INDEX(FileList!$A$1:$A$100, MATCH(L31, _xlfn.TEXTBEFORE(FileList!$A$1:$A$100, ".tsv"), 0)), "notfound")} -> 10.1002%2Fcne.24605_TABLE2.tsv | N31: TABLE 2 ILA linear density, number of primary processes, number of total processes, total length, and complexity, of mammalian species analyzed | U31: pdf | Z31: primary
A32: Finlay, B. L., Cheung, D. T.-M., & Darlington, R. B. (2006). Developmental constraints on or developmental structure in brain evolution? In Y. Munakata & M. H. Johnson (Eds.), Processes of Change in Brain and Cognitive Development (Vol. 8208, pp. 131-162). Oxford University Press. https://doi.org/10.1093/oso/9780198568742.003.0006 | D32: Table 6.1 | E32: =RIGHT(A32,1) -> 6 | F32: =G32 & IF(H32<>"", "_" & H32, "_") & IF(I32<>"", "_" & I32, "_") & IF(B32<>"", "_" & B32, "") -> Finlay_etal_2006 | G32: =SUBSTITUTE(SUBSTITUTE(_xlfn.TEXTBEFORE(A32,","), "-", ""), " ", "") -> Finlay | H32: =IF(ISNUMBER(FIND("&", A32)), IF(LEN(A32)-LEN(SUBSTITUTE(A32, ",", ""))>=6, "etal", MID(A32, SEARCH("& ", A32)+2, SEARCH(",", A32, SEARCH("& ", A32)+2) - SEARCH("& ", A32)-2)), "" ) -> etal | I32: =_xlfn.TEXTBEFORE(_xlfn.TEXTAFTER(A32, "("), ")") -> 2006 | J32: =IF(C32<>"", C32, IF(C32="", _xlfn.TEXTAFTER(A32,"https://doi.org/"), C32)) -> 10.1093/oso/9780198568742.003.0006 | K32: =TRIM(_xlfn.TEXTJOIN("_",FALSE,F32,(SUBSTITUTE(SUBSTITUTE(D32," ",""), "_", "")))) -> Finlay_etal_2006_Table6.1 | L32: =IF(ISBLANK(C32),TRIM(SUBSTITUTE(SUBSTITUTE(SUBSTITUTE(_xlfn.TEXTJOIN("_", FALSE, J32, SUBSTITUTE(D32,"_", "")), "/", "%2F"), ":", "%3A"), " ", "")),TRIM(SUBSTITUTE(SUBSTITUTE(SUBSTITUTE(_xlfn.TEXTJOIN("_", FALSE, C32, SUBSTITUTE(D32,"_", "")), "/", "%2F"), ":", "%3A"), " ", ""))) -> 10.1093%2Foso%2F9780198568742.003.0006_Table6.1 | M32: {=IFERROR(INDEX(FileList!$A$1:$A$100, MATCH(L32, _xlfn.TEXTBEFORE(FileList!$A$1:$A$100, ".tsv"), 0)), "notfound")} -> 10.1093%2Foso%2F9780198568742.003.0006_Table6.1.tsv | P32: Species -- wait for Project Kaskan | Q32: NA | R32: Finlay_etal_2006_Table6.1_snapshot.xlsx | S32: Y | T32: Finlay_etal_2006_Table6.1.csv | U32: pdf | V32: table | W32: YES - but formatting issues | X32: https://www.researchgate.net/publication/299027052_Developmental_constraints_on_or_developmental_structure_in_brain_evolution | Y32: cerebral cortex surface area and number of areas (broadly defined) | Z32: primary (derived from published materials) | AD32: summary to check more precise areas from ProjectKaskan | AE32: mammals
A33: Frahm, H. D., & Zilles, K. (1994). Volumetric comparison of hippocampal regions in 44 primate species. J Hirnforsch, 35(3), 343-354. https://www.ncbi.nlm.nih.gov/pubmed/7983368 | C33: PMID:7983368 | D33: Table1 | E33: =RIGHT(A33,1) -> 8 | F33: =G33 & IF(H33<>"", "_" & H33, "_") & IF(I33<>"", "_" & I33, "_") & IF(B33<>"", "_" & B33, "") -> Frahm_Zilles_1994 | G33: =SUBSTITUTE(SUBSTITUTE(_xlfn.TEXTBEFORE(A33,","), "-", ""), " ", "") -> Frahm | H33: =IF(ISNUMBER(FIND("&", A33)), IF(LEN(A33)-LEN(SUBSTITUTE(A33, ",", ""))>=6, "etal", MID(A33, SEARCH("& ", A33)+2, SEARCH(",", A33, SEARCH("& ", A33)+2) - SEARCH("& ", A33)-2)), "" ) -> Zilles | I33: =_xlfn.TEXTBEFORE(_xlfn.TEXTAFTER(A33, "("), ")") -> 1994 | J33: =IF(C33<>"", C33, IF(C33="", _xlfn.TEXTAFTER(A33,"https://doi.org/"), C33)) -> PMID:7983368 | K33: =TRIM(_xlfn.TEXTJOIN("_",FALSE,F33,(SUBSTITUTE(SUBSTITUTE(D33," ",""), "_", "")))) -> Frahm_Zilles_1994_Table1 | L33: =IF(ISBLANK(C33),TRIM(SUBSTITUTE(SUBSTITUTE(SUBSTITUTE(_xlfn.TEXTJOIN("_", FALSE, J33, SUBSTITUTE(D33,"_", "")), "/", "%2F"), ":", "%3A"), " ", "")),TRIM(SUBSTITUTE(SUBSTITUTE(SUBSTITUTE(_xlfn.TEXTJOIN("_", FALSE, C33, SUBSTITUTE(D33,"_", "")), "/", "%2F"), ":", "%3A"), " ", ""))) -> PMID%3A7983368_Table1 | M33: {=IFERROR(INDEX(FileList!$A$1:$A$100, MATCH(L33, _xlfn.TEXTBEFORE(FileList!$A$1:$A$100, ".tsv"), 0)), "notfound")} -> notfound | N33: Hippocampal regions in 44 primates (Table 1) | V33: table | W33: NO - not digitized | Y33: hippocampal region volumes | Z33: primary | AA33: Stephan | AB33: volumetry
A34: Frahm, H. D., Rehkamper, G., & Nevo, E. (1997). Brain structure volumes in the mole rat, Spalax ehrenbergi (Spalacidae, Rodentia) in comparison to the rat and subterrestrial insectivores. J Hirnforsch, 38(2), 209-222. https://www.ncbi.nlm.nih.gov/pubmed/9176733 | C34: PMID:9176733 | D34: Table1 | E34: =RIGHT(A34,1) -> 3 | F34: =G34 & IF(H34<>"", "_" & H34, "_") & IF(I34<>"", "_" & I34, "_") & IF(B34<>"", "_" & B34, "") -> Frahm_etal_1997 | G34: =SUBSTITUTE(SUBSTITUTE(_xlfn.TEXTBEFORE(A34,","), "-", ""), " ", "") -> Frahm | H34: =IF(ISNUMBER(FIND("&", A34)), IF(LEN(A34)-LEN(SUBSTITUTE(A34, ",", ""))>=6, "etal", MID(A34, SEARCH("& ", A34)+2, SEARCH(",", A34, SEARCH("& ", A34)+2) - SEARCH("& ", A34)-2)), "" ) -> etal | I34: =_xlfn.TEXTBEFORE(_xlfn.TEXTAFTER(A34, "("), ")") -> 1997 | J34: =IF(C34<>"", C34, IF(C34="", _xlfn.TEXTAFTER(A34,"https://doi.org/"), C34)) -> PMID:9176733 | K34: =TRIM(_xlfn.TEXTJOIN("_",FALSE,F34,(SUBSTITUTE(SUBSTITUTE(D34," ",""), "_", "")))) -> Frahm_etal_1997_Table1 | L34: =IF(ISBLANK(C34),TRIM(SUBSTITUTE(SUBSTITUTE(SUBSTITUTE(_xlfn.TEXTJOIN("_", FALSE, J34, SUBSTITUTE(D34,"_", "")), "/", "%2F"), ":", "%3A"), " ", "")),TRIM(SUBSTITUTE(SUBSTITUTE(SUBSTITUTE(_xlfn.TEXTJOIN("_", FALSE, C34, SUBSTITUTE(D34,"_", "")), "/", "%2F"), ":", "%3A"), " ", ""))) -> PMID%3A9176733_Table1 | M34: {=IFERROR(INDEX(FileList!$A$1:$A$100, MATCH(L34, _xlfn.TEXTBEFORE(FileList!$A$1:$A$100, ".tsv"), 0)), "notfound")} -> notfound | N34: Brain structure volumes in Spalax ehrenbergi (Table 1) | V34: table | W34: NO - not digitized | Y34: brain structure volumes (Spalax) | Z34: primary | AA34: Stephan | AB34: volumetry
A35: Frahm, H. D., Stephan, H., & Baron, G. (1984). Comparison of brain structure volumes in insectivora and primates. V. Area striata (AS). J Hirnforsch, 25(5), 537-557. https://www.ncbi.nlm.nih.gov/pubmed/6501869 | C35: PMID:6501869 | D35: Table 1 | E35: =RIGHT(A35,1) -> 9 | F35: =G35 & IF(H35<>"", "_" & H35, "_") & IF(I35<>"", "_" & I35, "_") & IF(B35<>"", "_" & B35, "") -> Frahm_etal_1984 | G35: =SUBSTITUTE(SUBSTITUTE(_xlfn.TEXTBEFORE(A35,","), "-", ""), " ", "") -> Frahm | H35: =IF(ISNUMBER(FIND("&", A35)), IF(LEN(A35)-LEN(SUBSTITUTE(A35, ",", ""))>=6, "etal", MID(A35, SEARCH("& ", A35)+2, SEARCH(",", A35, SEARCH("& ", A35)+2) - SEARCH("& ", A35)-2)), "" ) -> etal | I35: =_xlfn.TEXTBEFORE(_xlfn.TEXTAFTER(A35, "("), ")") -> 1984 | J35: =IF(C35<>"", C35, IF(C35="", _xlfn.TEXTAFTER(A35,"https://doi.org/"), C35)) -> PMID:6501869 | K35: =TRIM(_xlfn.TEXTJOIN("_",FALSE,F35,(SUBSTITUTE(SUBSTITUTE(D35," ",""), "_", "")))) -> Frahm_etal_1984_Table1 | L35: =IF(ISBLANK(C35),TRIM(SUBSTITUTE(SUBSTITUTE(SUBSTITUTE(_xlfn.TEXTJOIN("_", FALSE, J35, SUBSTITUTE(D35,"_", "")), "/", "%2F"), ":", "%3A"), " ", "")),TRIM(SUBSTITUTE(SUBSTITUTE(SUBSTITUTE(_xlfn.TEXTJOIN("_", FALSE, C35, SUBSTITUTE(D35,"_", "")), "/", "%2F"), ":", "%3A"), " ", ""))) -> PMID%3A6501869_Table1 | M35: {=IFERROR(INDEX(FileList!$A$1:$A$100, MATCH(L35, _xlfn.TEXTBEFORE(FileList!$A$1:$A$100, ".tsv"), 0)), "notfound")} -> notfound | N35: Table 1. Volumes of area striata and some of its laminar components (in mm3). | V35: table | W35: NO - not digitized | Y35: area striata volume | Z35: primary | AA35: Stephan | AB35: volumetry
A36: Frahm, H. D., Stephan, H., & Stephan, M. (1982). Comparison of brain structure volumes in Insectivora and Primates. I. Neocortex. J Hirnforsch, 23(4), 375-389. https://www.ncbi.nlm.nih.gov/pubmed/7161477 | C36: PMID:7161477 | D36: Table 1 | E36: =RIGHT(A36,1) -> 7 | F36: =G36 & IF(H36<>"", "_" & H36, "_") & IF(I36<>"", "_" & I36, "_") & IF(B36<>"", "_" & B36, "") -> Frahm_etal_1982 | G36: =SUBSTITUTE(SUBSTITUTE(_xlfn.TEXTBEFORE(A36,","), "-", ""), " ", "") -> Frahm | H36: =IF(ISNUMBER(FIND("&", A36)), IF(LEN(A36)-LEN(SUBSTITUTE(A36, ",", ""))>=6, "etal", MID(A36, SEARCH("& ", A36)+2, SEARCH(",", A36, SEARCH("& ", A36)+2) - SEARCH("& ", A36)-2)), "" ) -> etal | I36: =_xlfn.TEXTBEFORE(_xlfn.TEXTAFTER(A36, "("), ")") -> 1982 | J36: =IF(C36<>"", C36, IF(C36="", _xlfn.TEXTAFTER(A36,"https://doi.org/"), C36)) -> PMID:7161477 | K36: =TRIM(_xlfn.TEXTJOIN("_",FALSE,F36,(SUBSTITUTE(SUBSTITUTE(D36," ",""), "_", "")))) -> Frahm_etal_1982_Table1 | L36: =IF(ISBLANK(C36),TRIM(SUBSTITUTE(SUBSTITUTE(SUBSTITUTE(_xlfn.TEXTJOIN("_", FALSE, J36, SUBSTITUTE(D36,"_", "")), "/", "%2F"), ":", "%3A"), " ", "")),TRIM(SUBSTITUTE(SUBSTITUTE(SUBSTITUTE(_xlfn.TEXTJOIN("_", FALSE, C36, SUBSTITUTE(D36,"_", "")), "/", "%2F"), ":", "%3A"), " ", ""))) -> PMID%3A7161477_Table1 | M36: {=IFERROR(INDEX(FileList!$A$1:$A$100, MATCH(L36, _xlfn.TEXTBEFORE(FileList!$A$1:$A$100, ".tsv"), 0)), "notfound")} -> notfound | N36: Table 1. Volume data on total neocortex and its components (in mm3). | V36: table | W36: NO - not digitized | Y36: neocortex volume | Z36: primary | AA36: Stephan | AB36: volumetry
A37: Frahm, H. D., Zilles, K., Schleicher, A., & Stephan, H. (1998). The size of the middle temporal area in primates. J Hirnforsch, 39(1), 45-54. https://www.ncbi.nlm.nih.gov/pubmed/9672110 | C37: PMID:9672110 | D37: Table1 | E37: =RIGHT(A37,1) -> 0 | F37: =G37 & IF(H37<>"", "_" & H37, "_") & IF(I37<>"", "_" & I37, "_") & IF(B37<>"", "_" & B37, "") -> Frahm_etal_1998 | G37: =SUBSTITUTE(SUBSTITUTE(_xlfn.TEXTBEFORE(A37,","), "-", ""), " ", "") -> Frahm | H37: =IF(ISNUMBER(FIND("&", A37)), IF(LEN(A37)-LEN(SUBSTITUTE(A37, ",", ""))>=6, "etal", MID(A37, SEARCH("& ", A37)+2, SEARCH(",", A37, SEARCH("& ", A37)+2) - SEARCH("& ", A37)-2)), "" ) -> etal | I37: =_xlfn.TEXTBEFORE(_xlfn.TEXTAFTER(A37, "("), ")") -> 1998 | J37: =IF(C37<>"", C37, IF(C37="", _xlfn.TEXTAFTER(A37,"https://doi.org/"), C37)) -> PMID:9672110 | K37: =TRIM(_xlfn.TEXTJOIN("_",FALSE,F37,(SUBSTITUTE(SUBSTITUTE(D37," ",""), "_", "")))) -> Frahm_etal_1998_Table1 | L37: =IF(ISBLANK(C37),TRIM(SUBSTITUTE(SUBSTITUTE(SUBSTITUTE(_xlfn.TEXTJOIN("_", FALSE, J37, SUBSTITUTE(D37,"_", "")), "/", "%2F"), ":", "%3A"), " ", "")),TRIM(SUBSTITUTE(SUBSTITUTE(SUBSTITUTE(_xlfn.TEXTJOIN("_", FALSE, C37, SUBSTITUTE(D37,"_", "")), "/", "%2F"), ":", "%3A"), " ", ""))) -> PMID%3A9672110_Table1 | M37: {=IFERROR(INDEX(FileList!$A$1:$A$100, MATCH(L37, _xlfn.TEXTBEFORE(FileList!$A$1:$A$100, ".tsv"), 0)), "notfound")} -> notfound | N37: Size of the middle temporal area in primates (Table 1) | V37: table | W37: NO - not digitized | Y37: middle temporal area (MT) size | Z37: primary | AA37: Stephan | AB37: volumetry
A38: Fu, Y., Rusznak, Z., Herculano-Houzel, S., Watson, C., & Paxinos, G. (2013). Cellular composition characterizing postnatal development and maturation of the mouse brain and spinal cord. Brain Struct Funct, 218(5), 1337-1354. https://doi.org/10.1007/s00429-012-0462-x | D38: Table 1 | E38: =RIGHT(A38,1) -> x | F38: =G38 & IF(H38<>"", "_" & H38, "_") & IF(I38<>"", "_" & I38, "_") & IF(B38<>"", "_" & B38, "") -> Fu_etal_2013 | G38: =SUBSTITUTE(SUBSTITUTE(_xlfn.TEXTBEFORE(A38,","), "-", ""), " ", "") -> Fu | H38: =IF(ISNUMBER(FIND("&", A38)), IF(LEN(A38)-LEN(SUBSTITUTE(A38, ",", ""))>=6, "etal", MID(A38, SEARCH("& ", A38)+2, SEARCH(",", A38, SEARCH("& ", A38)+2) - SEARCH("& ", A38)-2)), "" ) -> etal | I38: =_xlfn.TEXTBEFORE(_xlfn.TEXTAFTER(A38, "("), ")") -> 2013 | J38: =IF(C38<>"", C38, IF(C38="", _xlfn.TEXTAFTER(A38,"https://doi.org/"), C38)) -> 10.1007/s00429-012-0462-x | K38: =TRIM(_xlfn.TEXTJOIN("_",FALSE,F38,(SUBSTITUTE(SUBSTITUTE(D38," ",""), "_", "")))) -> Fu_etal_2013_Table1 | L38: =IF(ISBLANK(C38),TRIM(SUBSTITUTE(SUBSTITUTE(SUBSTITUTE(_xlfn.TEXTJOIN("_", FALSE, J38, SUBSTITUTE(D38,"_", "")), "/", "%2F"), ":", "%3A"), " ", "")),TRIM(SUBSTITUTE(SUBSTITUTE(SUBSTITUTE(_xlfn.TEXTJOIN("_", FALSE, C38, SUBSTITUTE(D38,"_", "")), "/", "%2F"), ":", "%3A"), " ", ""))) -> 10.1007%2Fs00429-012-0462-x_Table1 | M38: {=IFERROR(INDEX(FileList!$A$1:$A$100, MATCH(L38, _xlfn.TEXTBEFORE(FileList!$A$1:$A$100, ".tsv"), 0)), "notfound")} -> notfound | N38: Table 1 Age-dependent changes affecting the mouse central nervous system and pituitary | P38: NOT STARTED | Z38: mouse (developmental) | AC38: number spinal cord neurons
A39: Garwicz, M., Christensson, M., & Psouni, E. (2009). A unifying model for timing of walking onset in humans and other mammals. Proc Natl Acad Sci U S A, 106(51), 21889-21893. https://doi.org/10.1073/pnas.0905777106 | D39: Table S1 | E39: =RIGHT(A39,1) -> 6 | F39: =G39 & IF(H39<>"", "_" & H39, "_") & IF(I39<>"", "_" & I39, "_") & IF(B39<>"", "_" & B39, "") -> Garwicz_etal_2009 | G39: =SUBSTITUTE(SUBSTITUTE(_xlfn.TEXTBEFORE(A39,","), "-", ""), " ", "") -> Garwicz | H39: =IF(ISNUMBER(FIND("&", A39)), IF(LEN(A39)-LEN(SUBSTITUTE(A39, ",", ""))>=6, "etal", MID(A39, SEARCH("& ", A39)+2, SEARCH(",", A39, SEARCH("& ", A39)+2) - SEARCH("& ", A39)-2)), "" ) -> etal | I39: =_xlfn.TEXTBEFORE(_xlfn.TEXTAFTER(A39, "("), ")") -> 2009 | J39: =IF(C39<>"", C39, IF(C39="", _xlfn.TEXTAFTER(A39,"https://doi.org/"), C39)) -> 10.1073/pnas.0905777106 | K39: =TRIM(_xlfn.TEXTJOIN("_",FALSE,F39,(SUBSTITUTE(SUBSTITUTE(D39," ",""), "_", "")))) -> Garwicz_etal_2009_TableS1 | L39: =IF(ISBLANK(C39),TRIM(SUBSTITUTE(SUBSTITUTE(SUBSTITUTE(_xlfn.TEXTJOIN("_", FALSE, J39, SUBSTITUTE(D39,"_", "")), "/", "%2F"), ":", "%3A"), " ", "")),TRIM(SUBSTITUTE(SUBSTITUTE(SUBSTITUTE(_xlfn.TEXTJOIN("_", FALSE, C39, SUBSTITUTE(D39,"_", "")), "/", "%2F"), ":", "%3A"), " ", ""))) -> 10.1073%2Fpnas.0905777106_TableS1 | M39: {=IFERROR(INDEX(FileList!$A$1:$A$100, MATCH(L39, _xlfn.TEXTBEFORE(FileList!$A$1:$A$100, ".tsv"), 0)), "notfound")} -> 10.1073%2Fpnas.0905777106_TableS1.tsv | N39: Table S1. Taxonomy of species included in the sample | U39: pdf | W39: YES - download link | X39: https://www.pnas.org/doi/suppl/10.1073/pnas.0905777106/suppl_file/0905777106si.pdf
A40: Garwicz, M., Christensson, M., & Psouni, E. (2009). A unifying model for timing of walking onset in humans and other mammals. Proc Natl Acad Sci U S A, 106(51), 21889-21893. https://doi.org/10.1073/pnas.0905777106 | D40: Table S2 | E40: =RIGHT(A40,1) -> 6 | F40: =G40 & IF(H40<>"", "_" & H40, "_") & IF(I40<>"", "_" & I40, "_") & IF(B40<>"", "_" & B40, "") -> Garwicz_etal_2009 | G40: =SUBSTITUTE(SUBSTITUTE(_xlfn.TEXTBEFORE(A40,","), "-", ""), " ", "") -> Garwicz | H40: =IF(ISNUMBER(FIND("&", A40)), IF(LEN(A40)-LEN(SUBSTITUTE(A40, ",", ""))>=6, "etal", MID(A40, SEARCH("& ", A40)+2, SEARCH(",", A40, SEARCH("& ", A40)+2) - SEARCH("& ", A40)-2)), "" ) -> etal | I40: =_xlfn.TEXTBEFORE(_xlfn.TEXTAFTER(A40, "("), ")") -> 2009 | J40: =IF(C40<>"", C40, IF(C40="", _xlfn.TEXTAFTER(A40,"https://doi.org/"), C40)) -> 10.1073/pnas.0905777106 | K40: =TRIM(_xlfn.TEXTJOIN("_",FALSE,F40,(SUBSTITUTE(SUBSTITUTE(D40," ",""), "_", "")))) -> Garwicz_etal_2009_TableS2 | L40: =IF(ISBLANK(C40),TRIM(SUBSTITUTE(SUBSTITUTE(SUBSTITUTE(_xlfn.TEXTJOIN("_", FALSE, J40, SUBSTITUTE(D40,"_", "")), "/", "%2F"), ":", "%3A"), " ", "")),TRIM(SUBSTITUTE(SUBSTITUTE(SUBSTITUTE(_xlfn.TEXTJOIN("_", FALSE, C40, SUBSTITUTE(D40,"_", "")), "/", "%2F"), ":", "%3A"), " ", ""))) -> 10.1073%2Fpnas.0905777106_TableS2 | M40: {=IFERROR(INDEX(FileList!$A$1:$A$100, MATCH(L40, _xlfn.TEXTBEFORE(FileList!$A$1:$A$100, ".tsv"), 0)), "notfound")} -> notfound | N40: Table S2. Database for multiple-regression model | U40: pdf | W40: YES - download link | X40: https://www.pnas.org/doi/suppl/10.1073/pnas.0905777106/suppl_file/0905777106si.pdf
A41: Genoud, M., Isler, K., & Martin, R. D. (2018). Comparative analyses of basal rate of metabolism in mammals: data selection does matter. Biol Rev Camb Philos Soc, 93(1), 404-438. https://doi.org/10.1111/brv.12350 | D41: Table S2 | E41: =RIGHT(A41,1) -> 0 | F41: =G41 & IF(H41<>"", "_" & H41, "_") & IF(I41<>"", "_" & I41, "_") & IF(B41<>"", "_" & B41, "") -> Genoud_etal_2018 | G41: =SUBSTITUTE(SUBSTITUTE(_xlfn.TEXTBEFORE(A41,","), "-", ""), " ", "") -> Genoud | H41: =IF(ISNUMBER(FIND("&", A41)), IF(LEN(A41)-LEN(SUBSTITUTE(A41, ",", ""))>=6, "etal", MID(A41, SEARCH("& ", A41)+2, SEARCH(",", A41, SEARCH("& ", A41)+2) - SEARCH("& ", A41)-2)), "" ) -> etal | I41: =_xlfn.TEXTBEFORE(_xlfn.TEXTAFTER(A41, "("), ")") -> 2018 | J41: =IF(C41<>"", C41, IF(C41="", _xlfn.TEXTAFTER(A41,"https://doi.org/"), C41)) -> 10.1111/brv.12350 | K41: =TRIM(_xlfn.TEXTJOIN("_",FALSE,F41,(SUBSTITUTE(SUBSTITUTE(D41," ",""), "_", "")))) -> Genoud_etal_2018_TableS2 | L41: =IF(ISBLANK(C41),TRIM(SUBSTITUTE(SUBSTITUTE(SUBSTITUTE(_xlfn.TEXTJOIN("_", FALSE, J41, SUBSTITUTE(D41,"_", "")), "/", "%2F"), ":", "%3A"), " ", "")),TRIM(SUBSTITUTE(SUBSTITUTE(SUBSTITUTE(_xlfn.TEXTJOIN("_", FALSE, C41, SUBSTITUTE(D41,"_", "")), "/", "%2F"), ":", "%3A"), " ", ""))) -> 10.1111%2Fbrv.12350_TableS2 | M41: {=IFERROR(INDEX(FileList!$A$1:$A$100, MATCH(L41, _xlfn.TEXTBEFORE(FileList!$A$1:$A$100, ".tsv"), 0)), "notfound")} -> notfound | N41: Table S2. Basal metabolic rate (BMR) database. | P41: NOT STARTED | AC41: BMR
A42: Granatosky, M. C. (2018). A Review of locomotor diversity in mammals with analyses exploring the influence of substrate use, body mass and intermembral index in primates. Journal of Zoology, 306(4), 207-216. https://doi.org/10.1111/jzo.12608 | D42: Table S1 | E42: =RIGHT(A42,1) -> 8 | F42: =G42 & IF(H42<>"", "_" & H42, "_") & IF(I42<>"", "_" & I42, "_") & IF(B42<>"", "_" & B42, "") -> Granatosky__2018 | G42: =SUBSTITUTE(SUBSTITUTE(_xlfn.TEXTBEFORE(A42,","), "-", ""), " ", "") -> Granatosky | H42: =IF(ISNUMBER(FIND("&", A42)), IF(LEN(A42)-LEN(SUBSTITUTE(A42, ",", ""))>=6, "etal", MID(A42, SEARCH("& ", A42)+2, SEARCH(",", A42, SEARCH("& ", A42)+2) - SEARCH("& ", A42)-2)), "" ) | I42: =_xlfn.TEXTBEFORE(_xlfn.TEXTAFTER(A42, "("), ")") -> 2018 | J42: =IF(C42<>"", C42, IF(C42="", _xlfn.TEXTAFTER(A42,"https://doi.org/"), C42)) -> 10.1111/jzo.12608 | K42: =TRIM(_xlfn.TEXTJOIN("_",FALSE,F42,(SUBSTITUTE(SUBSTITUTE(D42," ",""), "_", "")))) -> Granatosky__2018_TableS1 | L42: =IF(ISBLANK(C42),TRIM(SUBSTITUTE(SUBSTITUTE(SUBSTITUTE(_xlfn.TEXTJOIN("_", FALSE, J42, SUBSTITUTE(D42,"_", "")), "/", "%2F"), ":", "%3A"), " ", "")),TRIM(SUBSTITUTE(SUBSTITUTE(SUBSTITUTE(_xlfn.TEXTJOIN("_", FALSE, C42, SUBSTITUTE(D42,"_", "")), "/", "%2F"), ":", "%3A"), " ", ""))) -> 10.1111%2Fjzo.12608_TableS1 | M42: {=IFERROR(INDEX(FileList!$A$1:$A$100, MATCH(L42, _xlfn.TEXTBEFORE(FileList!$A$1:$A$100, ".tsv"), 0)), "notfound")} -> notfound | N42: Table S1. Locomotor profiles for the species used in this study. | P42: NOT STARTED | X42: https://karger.com/bbe/article-pdf/86/3-4/145/2264694/000437413.pdf
A43: Haarlem, C. S., Hynes, C., Jackson, A. L., Mitchell, K. J., O'Connell, R. G., & Healy, K. (2026). Pace of ecology drives the tempo of visual perception across the animal kingdom. Nat Ecol Evol. https://doi.org/10.1038/s41559-026-02994-7 | E43: =RIGHT(A43,1) -> 7 | F43: =G43 & IF(H43<>"", "_" & H43, "_") & IF(I43<>"", "_" & I43, "_") & IF(B43<>"", "_" & B43, "") -> Haarlem_etal_2026 | G43: =SUBSTITUTE(SUBSTITUTE(_xlfn.TEXTBEFORE(A43,","), "-", ""), " ", "") -> Haarlem | H43: =IF(ISNUMBER(FIND("&", A43)), IF(LEN(A43)-LEN(SUBSTITUTE(A43, ",", ""))>=6, "etal", MID(A43, SEARCH("& ", A43)+2, SEARCH(",", A43, SEARCH("& ", A43)+2) - SEARCH("& ", A43)-2)), "" ) -> etal | I43: =_xlfn.TEXTBEFORE(_xlfn.TEXTAFTER(A43, "("), ")") -> 2026 | J43: =IF(C43<>"", C43, IF(C43="", _xlfn.TEXTAFTER(A43,"https://doi.org/"), C43)) -> 10.1038/s41559-026-02994-7 | K43: =TRIM(_xlfn.TEXTJOIN("_",FALSE,F43,(SUBSTITUTE(SUBSTITUTE(D43," ",""), "_", "")))) -> Haarlem_etal_2026_ | L43: =IF(ISBLANK(C43),TRIM(SUBSTITUTE(SUBSTITUTE(SUBSTITUTE(_xlfn.TEXTJOIN("_", FALSE, J43, SUBSTITUTE(D43,"_", "")), "/", "%2F"), ":", "%3A"), " ", "")),TRIM(SUBSTITUTE(SUBSTITUTE(SUBSTITUTE(_xlfn.TEXTJOIN("_", FALSE, C43, SUBSTITUTE(D43,"_", "")), "/", "%2F"), ":", "%3A"), " ", ""))) -> 10.1038%2Fs41559-026-02994-7_ | M43: {=IFERROR(INDEX(FileList!$A$1:$A$100, MATCH(L43, _xlfn.TEXTBEFORE(FileList!$A$1:$A$100, ".tsv"), 0)), "notfound")} -> notfound | X43: https://karger.com/bbe/article-pdf/86/3-4/145/2264694/000437413.pdf
A44: Heffner, R. S., & Masterton, R. B. (1983). The role of the corticospinal tract in the evolution of human digital dexterity. Brain Behav Evol, 23(3-4), 165-183. https://doi.org/10.1159/000121494 | D44: Table I | E44: =RIGHT(A44,1) -> 4 | F44: =G44 & IF(H44<>"", "_" & H44, "_") & IF(I44<>"", "_" & I44, "_") & IF(B44<>"", "_" & B44, "") -> Heffner_Masterton_1983 | G44: =SUBSTITUTE(SUBSTITUTE(_xlfn.TEXTBEFORE(A44,","), "-", ""), " ", "") -> Heffner | H44: =IF(ISNUMBER(FIND("&", A44)), IF(LEN(A44)-LEN(SUBSTITUTE(A44, ",", ""))>=6, "etal", MID(A44, SEARCH("& ", A44)+2, SEARCH(",", A44, SEARCH("& ", A44)+2) - SEARCH("& ", A44)-2)), "" ) -> Masterton | I44: =_xlfn.TEXTBEFORE(_xlfn.TEXTAFTER(A44, "("), ")") -> 1983 | J44: =IF(C44<>"", C44, IF(C44="", _xlfn.TEXTAFTER(A44,"https://doi.org/"), C44)) -> 10.1159/000121494 | K44: =TRIM(_xlfn.TEXTJOIN("_",FALSE,F44,(SUBSTITUTE(SUBSTITUTE(D44," ",""), "_", "")))) -> Heffner_Masterton_1983_TableI | L44: =IF(ISBLANK(C44),TRIM(SUBSTITUTE(SUBSTITUTE(SUBSTITUTE(_xlfn.TEXTJOIN("_", FALSE, J44, SUBSTITUTE(D44,"_", "")), "/", "%2F"), ":", "%3A"), " ", "")),TRIM(SUBSTITUTE(SUBSTITUTE(SUBSTITUTE(_xlfn.TEXTJOIN("_", FALSE, C44, SUBSTITUTE(D44,"_", "")), "/", "%2F"), ":", "%3A"), " ", ""))) -> 10.1159%2F000121494_TableI | M44: {=IFERROR(INDEX(FileList!$A$1:$A$100, MATCH(L44, _xlfn.TEXTBEFORE(FileList!$A$1:$A$100, ".tsv"), 0)), "notfound")} -> notfound | P44: NOT STARTED | Q44: NA | T44: =IF(S44="N", R44, "write file name") -> write file name | U44: pdf | V44: table | W44: NO - paywall | X44: https://karger.com/bbe/article-pdf/86/3-4/145/2264694/000437413.pdf | Y44: digital dexterity | AE44: mammals | AG44: compare to 1975
A45: Heffner, R., & Masterton, B. (1975). Variation in form of the pyramidal tract and its relationship to digital dexterity. Brain Behav Evol, 12(3), 161-200. https://doi.org/10.1159/000124401 | D45: Table I | E45: =RIGHT(A45,1) -> 1 | F45: =G45 & IF(H45<>"", "_" & H45, "_") & IF(I45<>"", "_" & I45, "_") & IF(B45<>"", "_" & B45, "") -> Heffner_Masterton_1975 | G45: =SUBSTITUTE(SUBSTITUTE(_xlfn.TEXTBEFORE(A45,","), "-", ""), " ", "") -> Heffner | H45: =IF(ISNUMBER(FIND("&", A45)), IF(LEN(A45)-LEN(SUBSTITUTE(A45, ",", ""))>=6, "etal", MID(A45, SEARCH("& ", A45)+2, SEARCH(",", A45, SEARCH("& ", A45)+2) - SEARCH("& ", A45)-2)), "" ) -> Masterton | I45: =_xlfn.TEXTBEFORE(_xlfn.TEXTAFTER(A45, "("), ")") -> 1975 | J45: =IF(C45<>"", C45, IF(C45="", _xlfn.TEXTAFTER(A45,"https://doi.org/"), C45)) -> 10.1159/000124401 | K45: =TRIM(_xlfn.TEXTJOIN("_",FALSE,F45,(SUBSTITUTE(SUBSTITUTE(D45," ",""), "_", "")))) -> Heffner_Masterton_1975_TableI | L45: =IF(ISBLANK(C45),TRIM(SUBSTITUTE(SUBSTITUTE(SUBSTITUTE(_xlfn.TEXTJOIN("_", FALSE, J45, SUBSTITUTE(D45,"_", "")), "/", "%2F"), ":", "%3A"), " ", "")),TRIM(SUBSTITUTE(SUBSTITUTE(SUBSTITUTE(_xlfn.TEXTJOIN("_", FALSE, C45, SUBSTITUTE(D45,"_", "")), "/", "%2F"), ":", "%3A"), " ", ""))) -> 10.1159%2F000124401_TableI | M45: {=IFERROR(INDEX(FileList!$A$1:$A$100, MATCH(L45, _xlfn.TEXTBEFORE(FileList!$A$1:$A$100, ".tsv"), 0)), "notfound")} -> 10.1159%2F000124401_TableI.tsv | P45: FINISHED | Q45: added | R45: Heffner_Masterton_1975_TableI_snapshot.xlsx | S45: Y | T45: Heffner_Masterton_1975_TableI.csv | U45: pdf | V45: table | W45: NO - paywall | X45: https://karger.com/bbe/article-pdf/86/3-4/145/2264694/000437413.pdf | Y45: digital dexterity | Z45: mostly secondary | AC45: area of pyramidal tract; deepest lamina | AE45: mammals
A46: Heiss, W. D., Habedank, B., Klein, J. C., Herholz, K., Wienhard, K., Lenox, M., & Nutt, R. (2004). Metabolic rates in small brain nuclei determined by high-resolution PET. J Nucl Med, 45(11), 1811-1815. https://www.ncbi.nlm.nih.gov/pubmed/15534048 | C46: PMID:15534048 | D46: TABLE 1 | E46: =RIGHT(A46,1) -> 8 | F46: =G46 & IF(H46<>"", "_" & H46, "_") & IF(I46<>"", "_" & I46, "_") & IF(B46<>"", "_" & B46, "") -> Heiss_etal_2004 | G46: =SUBSTITUTE(SUBSTITUTE(_xlfn.TEXTBEFORE(A46,","), "-", ""), " ", "") -> Heiss | H46: =IF(ISNUMBER(FIND("&", A46)), IF(LEN(A46)-LEN(SUBSTITUTE(A46, ",", ""))>=6, "etal", MID(A46, SEARCH("& ", A46)+2, SEARCH(",", A46, SEARCH("& ", A46)+2) - SEARCH("& ", A46)-2)), "" ) -> etal | I46: =_xlfn.TEXTBEFORE(_xlfn.TEXTAFTER(A46, "("), ")") -> 2004 | J46: =IF(C46<>"", C46, IF(C46="", _xlfn.TEXTAFTER(A46,"https://doi.org/"), C46)) -> PMID:15534048 | K46: =TRIM(_xlfn.TEXTJOIN("_",FALSE,F46,(SUBSTITUTE(SUBSTITUTE(D46," ",""), "_", "")))) -> Heiss_etal_2004_TABLE1 | L46: =IF(ISBLANK(C46),TRIM(SUBSTITUTE(SUBSTITUTE(SUBSTITUTE(_xlfn.TEXTJOIN("_", FALSE, J46, SUBSTITUTE(D46,"_", "")), "/", "%2F"), ":", "%3A"), " ", "")),TRIM(SUBSTITUTE(SUBSTITUTE(SUBSTITUTE(_xlfn.TEXTJOIN("_", FALSE, C46, SUBSTITUTE(D46,"_", "")), "/", "%2F"), ":", "%3A"), " ", ""))) -> PMID%3A15534048_TABLE1 | M46: {=IFERROR(INDEX(FileList!$A$1:$A$100, MATCH(L46, _xlfn.TEXTBEFORE(FileList!$A$1:$A$100, ".tsv"), 0)), "notfound")} -> notfound | N46: TABLE 1 rCMRGlc Values | X46: https://karger.com/bbe/article-pdf/86/3-4/145/2264694/000437413.pdf | Y46: regional cerebral metabolic rates for glucose
A47: Heldstab, S. A., Kosonen, Z. K., Koski, S. E., Burkart, J. M., van Schaik, C. P., & Isler, K. (2016). Manipulation complexity in primates coevolved with brain size and terrestriality. Sci Rep, 6, 24528. https://doi.org/10.1038/srep24528 | D47: Table S1 | E47: =RIGHT(A47,1) -> 8 | F47: =G47 & IF(H47<>"", "_" & H47, "_") & IF(I47<>"", "_" & I47, "_") & IF(B47<>"", "_" & B47, "") -> Heldstab_etal_2016 | G47: =SUBSTITUTE(SUBSTITUTE(_xlfn.TEXTBEFORE(A47,","), "-", ""), " ", "") -> Heldstab | H47: =IF(ISNUMBER(FIND("&", A47)), IF(LEN(A47)-LEN(SUBSTITUTE(A47, ",", ""))>=6, "etal", MID(A47, SEARCH("& ", A47)+2, SEARCH(",", A47, SEARCH("& ", A47)+2) - SEARCH("& ", A47)-2)), "" ) -> etal | I47: =_xlfn.TEXTBEFORE(_xlfn.TEXTAFTER(A47, "("), ")") -> 2016 | J47: =IF(C47<>"", C47, IF(C47="", _xlfn.TEXTAFTER(A47,"https://doi.org/"), C47)) -> 10.1038/srep24528 | K47: =TRIM(_xlfn.TEXTJOIN("_",FALSE,F47,(SUBSTITUTE(SUBSTITUTE(D47," ",""), "_", "")))) -> Heldstab_etal_2016_TableS1 | L47: =IF(ISBLANK(C47),TRIM(SUBSTITUTE(SUBSTITUTE(SUBSTITUTE(_xlfn.TEXTJOIN("_", FALSE, J47, SUBSTITUTE(D47,"_", "")), "/", "%2F"), ":", "%3A"), " ", "")),TRIM(SUBSTITUTE(SUBSTITUTE(SUBSTITUTE(_xlfn.TEXTJOIN("_", FALSE, C47, SUBSTITUTE(D47,"_", "")), "/", "%2F"), ":", "%3A"), " ", ""))) -> 10.1038%2Fsrep24528_TableS1 | M47: {=IFERROR(INDEX(FileList!$A$1:$A$100, MATCH(L47, _xlfn.TEXTBEFORE(FileList!$A$1:$A$100, ".tsv"), 0)), "notfound")} -> notfound | P47: NOT STARTED | Q47: NA | T47: =IF(S47="N", R47, "write file name") -> write file name | U47: pdf | V47: table | X47: https://karger.com/bbe/article-pdf/86/3-4/145/2264694/000437413.pdf | Y47: manipulation complexity | AE47: primates
A48: Herculano-Houzel, S. (2015). Decreasing sleep requirement with increasing numbers of neurons as a driver for bigger brains and bodies in mammalian evolution. Proc Biol Sci, 282(1816), 20151853. https://doi.org/10.1098/rspb.2015.1853 | D48: Table 1 | E48: =RIGHT(A48,1) -> 3 | F48: =G48 & IF(H48<>"", "_" & H48, "_") & IF(I48<>"", "_" & I48, "_") & IF(B48<>"", "_" & B48, "") -> HerculanoHouzel__2015 | G48: =SUBSTITUTE(SUBSTITUTE(_xlfn.TEXTBEFORE(A48,","), "-", ""), " ", "") -> HerculanoHouzel | H48: =IF(ISNUMBER(FIND("&", A48)), IF(LEN(A48)-LEN(SUBSTITUTE(A48, ",", ""))>=6, "etal", MID(A48, SEARCH("& ", A48)+2, SEARCH(",", A48, SEARCH("& ", A48)+2) - SEARCH("& ", A48)-2)), "" ) | I48: =_xlfn.TEXTBEFORE(_xlfn.TEXTAFTER(A48, "("), ")") -> 2015 | J48: =IF(C48<>"", C48, IF(C48="", _xlfn.TEXTAFTER(A48,"https://doi.org/"), C48)) -> 10.1098/rspb.2015.1853 | K48: =TRIM(_xlfn.TEXTJOIN("_",FALSE,F48,(SUBSTITUTE(SUBSTITUTE(D48," ",""), "_", "")))) -> HerculanoHouzel__2015_Table1 | L48: =IF(ISBLANK(C48),TRIM(SUBSTITUTE(SUBSTITUTE(SUBSTITUTE(_xlfn.TEXTJOIN("_", FALSE, J48, SUBSTITUTE(D48,"_", "")), "/", "%2F"), ":", "%3A"), " ", "")),TRIM(SUBSTITUTE(SUBSTITUTE(SUBSTITUTE(_xlfn.TEXTJOIN("_", FALSE, C48, SUBSTITUTE(D48,"_", "")), "/", "%2F"), ":", "%3A"), " ", ""))) -> 10.1098%2Frspb.2015.1853_Table1 | M48: {=IFERROR(INDEX(FileList!$A$1:$A$100, MATCH(L48, _xlfn.TEXTBEFORE(FileList!$A$1:$A$100, ".tsv"), 0)), "notfound")} -> 10.1098%2Frspb.2015.1853_Table1.tsv | U48: pdf | V48: table
A49: Herculano-Houzel, S. (2015). Decreasing sleep requirement with increasing numbers of neurons as a driver for bigger brains and bodies in mammalian evolution. Proc Biol Sci, 282(1816), 20151853. https://doi.org/10.1098/rspb.2015.1853 | D49: Table 2 | E49: =RIGHT(A49,1) -> 3 | F49: =G49 & IF(H49<>"", "_" & H49, "_") & IF(I49<>"", "_" & I49, "_") & IF(B49<>"", "_" & B49, "") -> HerculanoHouzel__2015 | G49: =SUBSTITUTE(SUBSTITUTE(_xlfn.TEXTBEFORE(A49,","), "-", ""), " ", "") -> HerculanoHouzel | H49: =IF(ISNUMBER(FIND("&", A49)), IF(LEN(A49)-LEN(SUBSTITUTE(A49, ",", ""))>=6, "etal", MID(A49, SEARCH("& ", A49)+2, SEARCH(",", A49, SEARCH("& ", A49)+2) - SEARCH("& ", A49)-2)), "" ) | I49: =_xlfn.TEXTBEFORE(_xlfn.TEXTAFTER(A49, "("), ")") -> 2015 | J49: =IF(C49<>"", C49, IF(C49="", _xlfn.TEXTAFTER(A49,"https://doi.org/"), C49)) -> 10.1098/rspb.2015.1853 | K49: =TRIM(_xlfn.TEXTJOIN("_",FALSE,F49,(SUBSTITUTE(SUBSTITUTE(D49," ",""), "_", "")))) -> HerculanoHouzel__2015_Table2 | L49: =IF(ISBLANK(C49),TRIM(SUBSTITUTE(SUBSTITUTE(SUBSTITUTE(_xlfn.TEXTJOIN("_", FALSE, J49, SUBSTITUTE(D49,"_", "")), "/", "%2F"), ":", "%3A"), " ", "")),TRIM(SUBSTITUTE(SUBSTITUTE(SUBSTITUTE(_xlfn.TEXTJOIN("_", FALSE, C49, SUBSTITUTE(D49,"_", "")), "/", "%2F"), ":", "%3A"), " ", ""))) -> 10.1098%2Frspb.2015.1853_Table2 | M49: {=IFERROR(INDEX(FileList!$A$1:$A$100, MATCH(L49, _xlfn.TEXTBEFORE(FileList!$A$1:$A$100, ".tsv"), 0)), "notfound")} -> notfound | N49: Table 2. Dataset on the ontogeny of sleep and cellular composition of the rat brain used in this study. | U49: pdf | V49: table | Y49: Per cent of hours asleep and brain size and composition | Z49: secondary
A50: Herculano-Houzel, S., Catania, K., Manger, P. R., & Kaas, J. H. (2015). Mammalian brains are made of these: A dataset of the numbers and densities of neuronal and nonneuronal cells in the brain of glires, primates, scandentia, eulipotyphlans, afrotherians and artiodactyls, and their relationship with body mass. Brain Behav Evol, 86(3-4), 145-163. https://doi.org/10.1159/000437413 | D50: Table 1 | E50: =RIGHT(A50,1) -> 3 | F50: =G50 & IF(H50<>"", "_" & H50, "_") & IF(I50<>"", "_" & I50, "_") & IF(B50<>"", "_" & B50, "") -> HerculanoHouzel_etal_2015 | G50: =SUBSTITUTE(SUBSTITUTE(_xlfn.TEXTBEFORE(A50,","), "-", ""), " ", "") -> HerculanoHouzel | H50: =IF(ISNUMBER(FIND("&", A50)), IF(LEN(A50)-LEN(SUBSTITUTE(A50, ",", ""))>=6, "etal", MID(A50, SEARCH("& ", A50)+2, SEARCH(",", A50, SEARCH("& ", A50)+2) - SEARCH("& ", A50)-2)), "" ) -> etal | I50: =_xlfn.TEXTBEFORE(_xlfn.TEXTAFTER(A50, "("), ")") -> 2015 | J50: =IF(C50<>"", C50, IF(C50="", _xlfn.TEXTAFTER(A50,"https://doi.org/"), C50)) -> 10.1159/000437413 | K50: =TRIM(_xlfn.TEXTJOIN("_",FALSE,F50,(SUBSTITUTE(SUBSTITUTE(D50," ",""), "_", "")))) -> HerculanoHouzel_etal_2015_Table1 | L50: =IF(ISBLANK(C50),TRIM(SUBSTITUTE(SUBSTITUTE(SUBSTITUTE(_xlfn.TEXTJOIN("_", FALSE, J50, SUBSTITUTE(D50,"_", "")), "/", "%2F"), ":", "%3A"), " ", "")),TRIM(SUBSTITUTE(SUBSTITUTE(SUBSTITUTE(_xlfn.TEXTJOIN("_", FALSE, C50, SUBSTITUTE(D50,"_", "")), "/", "%2F"), ":", "%3A"), " ", ""))) -> 10.1159%2F000437413_Table1 | M50: {=IFERROR(INDEX(FileList!$A$1:$A$100, MATCH(L50, _xlfn.TEXTBEFORE(FileList!$A$1:$A$100, ".tsv"), 0)), "notfound")} -> 10.1159%2F000437413_Table1.tsv | N50: Table 1. Cerebral cortex | P50: FINISHED | Q50: added | R50: HerculanoHouzel_etal_2015_Table1_snapshot.xlsx | S50: Y | T50: HerculanoHouzel_etal_2015_Table1.csv | U50: pdf | V50: table | W50: YES - but formatting issues | X50: https://karger.com/bbe/article-pdf/86/3-4/145/2264694/000437413.pdf | Y50: Cell numbers, region size | AA50: HH | AB50: HH | AE50: placental mammals
A51: Herculano-Houzel, S., Catania, K., Manger, P. R., & Kaas, J. H. (2015). Mammalian brains are made of these: A dataset of the numbers and densities of neuronal and nonneuronal cells in the brain of glires, primates, scandentia, eulipotyphlans, afrotherians and artiodactyls, and their relationship with body mass. Brain Behav Evol, 86(3-4), 145-163. https://doi.org/10.1159/000437413 | D51: Table 2 | E51: =RIGHT(A51,1) -> 3 | F51: =G51 & IF(H51<>"", "_" & H51, "_") & IF(I51<>"", "_" & I51, "_") & IF(B51<>"", "_" & B51, "") -> HerculanoHouzel_etal_2015 | G51: =SUBSTITUTE(SUBSTITUTE(_xlfn.TEXTBEFORE(A51,","), "-", ""), " ", "") -> HerculanoHouzel | H51: =IF(ISNUMBER(FIND("&", A51)), IF(LEN(A51)-LEN(SUBSTITUTE(A51, ",", ""))>=6, "etal", MID(A51, SEARCH("& ", A51)+2, SEARCH(",", A51, SEARCH("& ", A51)+2) - SEARCH("& ", A51)-2)), "" ) -> etal | I51: =_xlfn.TEXTBEFORE(_xlfn.TEXTAFTER(A51, "("), ")") -> 2015 | J51: =IF(C51<>"", C51, IF(C51="", _xlfn.TEXTAFTER(A51,"https://doi.org/"), C51)) -> 10.1159/000437413 | K51: =TRIM(_xlfn.TEXTJOIN("_",FALSE,F51,(SUBSTITUTE(SUBSTITUTE(D51," ",""), "_", "")))) -> HerculanoHouzel_etal_2015_Table2 | L51: =IF(ISBLANK(C51),TRIM(SUBSTITUTE(SUBSTITUTE(SUBSTITUTE(_xlfn.TEXTJOIN("_", FALSE, J51, SUBSTITUTE(D51,"_", "")), "/", "%2F"), ":", "%3A"), " ", "")),TRIM(SUBSTITUTE(SUBSTITUTE(SUBSTITUTE(_xlfn.TEXTJOIN("_", FALSE, C51, SUBSTITUTE(D51,"_", "")), "/", "%2F"), ":", "%3A"), " ", ""))) -> 10.1159%2F000437413_Table2 | M51: {=IFERROR(INDEX(FileList!$A$1:$A$100, MATCH(L51, _xlfn.TEXTBEFORE(FileList!$A$1:$A$100, ".tsv"), 0)), "notfound")} -> 10.1159%2F000437413_Table2.tsv | N51: Table 2. Cerebellum | P51: FINISHED | Q51: added | R51: HerculanoHouzel_etal_2015_Table2_snapshot.xlsx | S51: Y | T51: HerculanoHouzel_etal_2015_Table2.csv | U51: pdf | V51: table | W51: YES - but formatting issues | X51: https://karger.com/bbe/article-pdf/86/3-4/145/2264694/000437413.pdf | Y51: Cell numbers, region size | AA51: HH | AB51: HH | AE51: placental mammals
A52: Herculano-Houzel, S., Catania, K., Manger, P. R., & Kaas, J. H. (2015). Mammalian brains are made of these: A dataset of the numbers and densities of neuronal and nonneuronal cells in the brain of glires, primates, scandentia, eulipotyphlans, afrotherians and artiodactyls, and their relationship with body mass. Brain Behav Evol, 86(3-4), 145-163. https://doi.org/10.1159/000437413 | D52: Table 3 | E52: =RIGHT(A52,1) -> 3 | F52: =G52 & IF(H52<>"", "_" & H52, "_") & IF(I52<>"", "_" & I52, "_") & IF(B52<>"", "_" & B52, "") -> HerculanoHouzel_etal_2015 | G52: =SUBSTITUTE(SUBSTITUTE(_xlfn.TEXTBEFORE(A52,","), "-", ""), " ", "") -> HerculanoHouzel | H52: =IF(ISNUMBER(FIND("&", A52)), IF(LEN(A52)-LEN(SUBSTITUTE(A52, ",", ""))>=6, "etal", MID(A52, SEARCH("& ", A52)+2, SEARCH(",", A52, SEARCH("& ", A52)+2) - SEARCH("& ", A52)-2)), "" ) -> etal | I52: =_xlfn.TEXTBEFORE(_xlfn.TEXTAFTER(A52, "("), ")") -> 2015 | J52: =IF(C52<>"", C52, IF(C52="", _xlfn.TEXTAFTER(A52,"https://doi.org/"), C52)) -> 10.1159/000437413 | K52: =TRIM(_xlfn.TEXTJOIN("_",FALSE,F52,(SUBSTITUTE(SUBSTITUTE(D52," ",""), "_", "")))) -> HerculanoHouzel_etal_2015_Table3 | L52: =IF(ISBLANK(C52),TRIM(SUBSTITUTE(SUBSTITUTE(SUBSTITUTE(_xlfn.TEXTJOIN("_", FALSE, J52, SUBSTITUTE(D52,"_", "")), "/", "%2F"), ":", "%3A"), " ", "")),TRIM(SUBSTITUTE(SUBSTITUTE(SUBSTITUTE(_xlfn.TEXTJOIN("_", FALSE, C52, SUBSTITUTE(D52,"_", "")), "/", "%2F"), ":", "%3A"), " ", ""))) -> 10.1159%2F000437413_Table3 | M52: {=IFERROR(INDEX(FileList!$A$1:$A$100, MATCH(L52, _xlfn.TEXTBEFORE(FileList!$A$1:$A$100, ".tsv"), 0)), "notfound")} -> 10.1159%2F000437413_Table3.tsv | N52: Table 3. RoB | P52: FINISHED | Q52: added | R52: HerculanoHouzel_etal_2015_Table3_snapshot.xlsx | S52: Y | T52: HerculanoHouzel_etal_2015_Table3.csv | U52: pdf | V52: table | W52: YES - but formatting issues | X52: https://karger.com/bbe/article-pdf/86/3-4/145/2264694/000437413.pdf | Y52: Cell numbers, region size | AA52: HH | AB52: HH | AE52: placental mammals
A53: Herculano-Houzel, S., Catania, K., Manger, P. R., & Kaas, J. H. (2015). Mammalian brains are made of these: A dataset of the numbers and densities of neuronal and nonneuronal cells in the brain of glires, primates, scandentia, eulipotyphlans, afrotherians and artiodactyls, and their relationship with body mass. Brain Behav Evol, 86(3-4), 145-163. https://doi.org/10.1159/000437413 | D53: Table 4 | E53: =RIGHT(A53,1) -> 3 | F53: =G53 & IF(H53<>"", "_" & H53, "_") & IF(I53<>"", "_" & I53, "_") & IF(B53<>"", "_" & B53, "") -> HerculanoHouzel_etal_2015 | G53: =SUBSTITUTE(SUBSTITUTE(_xlfn.TEXTBEFORE(A53,","), "-", ""), " ", "") -> HerculanoHouzel | H53: =IF(ISNUMBER(FIND("&", A53)), IF(LEN(A53)-LEN(SUBSTITUTE(A53, ",", ""))>=6, "etal", MID(A53, SEARCH("& ", A53)+2, SEARCH(",", A53, SEARCH("& ", A53)+2) - SEARCH("& ", A53)-2)), "" ) -> etal | I53: =_xlfn.TEXTBEFORE(_xlfn.TEXTAFTER(A53, "("), ")") -> 2015 | J53: =IF(C53<>"", C53, IF(C53="", _xlfn.TEXTAFTER(A53,"https://doi.org/"), C53)) -> 10.1159/000437413 | K53: =TRIM(_xlfn.TEXTJOIN("_",FALSE,F53,(SUBSTITUTE(SUBSTITUTE(D53," ",""), "_", "")))) -> HerculanoHouzel_etal_2015_Table4 | L53: =IF(ISBLANK(C53),TRIM(SUBSTITUTE(SUBSTITUTE(SUBSTITUTE(_xlfn.TEXTJOIN("_", FALSE, J53, SUBSTITUTE(D53,"_", "")), "/", "%2F"), ":", "%3A"), " ", "")),TRIM(SUBSTITUTE(SUBSTITUTE(SUBSTITUTE(_xlfn.TEXTJOIN("_", FALSE, C53, SUBSTITUTE(D53,"_", "")), "/", "%2F"), ":", "%3A"), " ", ""))) -> 10.1159%2F000437413_Table4 | M53: {=IFERROR(INDEX(FileList!$A$1:$A$100, MATCH(L53, _xlfn.TEXTBEFORE(FileList!$A$1:$A$100, ".tsv"), 0)), "notfound")} -> 10.1159%2F000437413_Table4.tsv | N53: Table 4. Olfactory bulb | P53: FINISHED | Q53: added | R53: HerculanoHouzel_etal_2015_Table4_snapshot.xlsx | S53: Y | T53: HerculanoHouzel_etal_2015_Table4.csv | U53: pdf | V53: table | W53: YES - but formatting issues | X53: https://karger.com/bbe/article-pdf/86/3-4/145/2264694/000437413.pdf | Y53: Cell numbers, region size | AA53: HH | AB53: HH | AE53: placental mammals
A54: Herculano-Houzel, S., Catania, K., Manger, P. R., & Kaas, J. H. (2015). Mammalian brains are made of these: A dataset of the numbers and densities of neuronal and nonneuronal cells in the brain of glires, primates, scandentia, eulipotyphlans, afrotherians and artiodactyls, and their relationship with body mass. Brain Behav Evol, 86(3-4), 145-163. https://doi.org/10.1159/000437413 | D54: Table 5 | E54: =RIGHT(A54,1) -> 3 | F54: =G54 & IF(H54<>"", "_" & H54, "_") & IF(I54<>"", "_" & I54, "_") & IF(B54<>"", "_" & B54, "") -> HerculanoHouzel_etal_2015 | G54: =SUBSTITUTE(SUBSTITUTE(_xlfn.TEXTBEFORE(A54,","), "-", ""), " ", "") -> HerculanoHouzel | H54: =IF(ISNUMBER(FIND("&", A54)), IF(LEN(A54)-LEN(SUBSTITUTE(A54, ",", ""))>=6, "etal", MID(A54, SEARCH("& ", A54)+2, SEARCH(",", A54, SEARCH("& ", A54)+2) - SEARCH("& ", A54)-2)), "" ) -> etal | I54: =_xlfn.TEXTBEFORE(_xlfn.TEXTAFTER(A54, "("), ")") -> 2015 | J54: =IF(C54<>"", C54, IF(C54="", _xlfn.TEXTAFTER(A54,"https://doi.org/"), C54)) -> 10.1159/000437413 | K54: =TRIM(_xlfn.TEXTJOIN("_",FALSE,F54,(SUBSTITUTE(SUBSTITUTE(D54," ",""), "_", "")))) -> HerculanoHouzel_etal_2015_Table5 | L54: =IF(ISBLANK(C54),TRIM(SUBSTITUTE(SUBSTITUTE(SUBSTITUTE(_xlfn.TEXTJOIN("_", FALSE, J54, SUBSTITUTE(D54,"_", "")), "/", "%2F"), ":", "%3A"), " ", "")),TRIM(SUBSTITUTE(SUBSTITUTE(SUBSTITUTE(_xlfn.TEXTJOIN("_", FALSE, C54, SUBSTITUTE(D54,"_", "")), "/", "%2F"), ":", "%3A"), " ", ""))) -> 10.1159%2F000437413_Table5 | M54: {=IFERROR(INDEX(FileList!$A$1:$A$100, MATCH(L54, _xlfn.TEXTBEFORE(FileList!$A$1:$A$100, ".tsv"), 0)), "notfound")} -> 10.1159%2F000437413_Table5.tsv | N54: Table 5. Whole brain | P54: FINISHED | Q54: added | R54: HerculanoHouzel_etal_2015_Table5_snapshot.xlsx | S54: Y | T54: HerculanoHouzel_etal_2015_Table5.csv | U54: pdf | V54: table | W54: YES - but formatting issues | X54: https://karger.com/bbe/article-pdf/86/3-4/145/2264694/000437413.pdf | Y54: Cell numbers, region size | AA54: HH | AB54: HH | AE54: placental mammals
A55: Herculano-Houzel, S., da Cunha, F. B., Reed, J. L., Kaswera-Kyamakya, C., Gillissen, E., & Manger, P. R. (2020). Microchiropterans have a diminutive cerebral cortex, not an enlarged cerebellum, compared to megachiropterans and other mammals. J Comp Neurol, 528(17), 2978-2993. https://doi.org/10.1002/cne.24985 | D55: TABLE 1 | E55: =RIGHT(A55,1) -> 5 | F55: =G55 & IF(H55<>"", "_" & H55, "_") & IF(I55<>"", "_" & I55, "_") & IF(B55<>"", "_" & B55, "") -> HerculanoHouzel_etal_2020 | G55: =SUBSTITUTE(SUBSTITUTE(_xlfn.TEXTBEFORE(A55,","), "-", ""), " ", "") -> HerculanoHouzel | H55: =IF(ISNUMBER(FIND("&", A55)), IF(LEN(A55)-LEN(SUBSTITUTE(A55, ",", ""))>=6, "etal", MID(A55, SEARCH("& ", A55)+2, SEARCH(",", A55, SEARCH("& ", A55)+2) - SEARCH("& ", A55)-2)), "" ) -> etal | I55: =_xlfn.TEXTBEFORE(_xlfn.TEXTAFTER(A55, "("), ")") -> 2020 | J55: =IF(C55<>"", C55, IF(C55="", _xlfn.TEXTAFTER(A55,"https://doi.org/"), C55)) -> 10.1002/cne.24985 | K55: =TRIM(_xlfn.TEXTJOIN("_",FALSE,F55,(SUBSTITUTE(SUBSTITUTE(D55," ",""), "_", "")))) -> HerculanoHouzel_etal_2020_TABLE1 | L55: =IF(ISBLANK(C55),TRIM(SUBSTITUTE(SUBSTITUTE(SUBSTITUTE(_xlfn.TEXTJOIN("_", FALSE, J55, SUBSTITUTE(D55,"_", "")), "/", "%2F"), ":", "%3A"), " ", "")),TRIM(SUBSTITUTE(SUBSTITUTE(SUBSTITUTE(_xlfn.TEXTJOIN("_", FALSE, C55, SUBSTITUTE(D55,"_", "")), "/", "%2F"), ":", "%3A"), " ", ""))) -> 10.1002%2Fcne.24985_TABLE1 | M55: {=IFERROR(INDEX(FileList!$A$1:$A$100, MATCH(L55, _xlfn.TEXTBEFORE(FileList!$A$1:$A$100, ".tsv"), 0)), "notfound")} -> 10.1002%2Fcne.24985_TABLE1.tsv | N55: TABLE 1 Dataset | P55: FINISHED | Q55: added | R55: HerculanoHouzel_etal_2020_TABLE1_snapshot.csv | S55: Y | T55: HerculanoHouzel_etal_2020_Table1.csv | U55: pdf | V55: table | W55: NO - paywall | X55: https://doi.org/10.1002/cne.24985 | Y55: region size | AA55: HH | AB55: HH | AE55: bats
A56: Herculano-Houzel, S., da Cunha, F. B., Reed, J. L., Kaswera-Kyamakya, C., Gillissen, E., & Manger, P. R. (2020). Microchiropterans have a diminutive cerebral cortex, not an enlarged cerebellum, compared to megachiropterans and other mammals. J Comp Neurol, 528(17), 2978-2993. https://doi.org/10.1002/cne.24985 | D56: TABLE 2 | E56: =RIGHT(A56,1) -> 5 | F56: =G56 & IF(H56<>"", "_" & H56, "_") & IF(I56<>"", "_" & I56, "_") & IF(B56<>"", "_" & B56, "") -> HerculanoHouzel_etal_2020 | G56: =SUBSTITUTE(SUBSTITUTE(_xlfn.TEXTBEFORE(A56,","), "-", ""), " ", "") -> HerculanoHouzel | H56: =IF(ISNUMBER(FIND("&", A56)), IF(LEN(A56)-LEN(SUBSTITUTE(A56, ",", ""))>=6, "etal", MID(A56, SEARCH("& ", A56)+2, SEARCH(",", A56, SEARCH("& ", A56)+2) - SEARCH("& ", A56)-2)), "" ) -> etal | I56: =_xlfn.TEXTBEFORE(_xlfn.TEXTAFTER(A56, "("), ")") -> 2020 | J56: =IF(C56<>"", C56, IF(C56="", _xlfn.TEXTAFTER(A56,"https://doi.org/"), C56)) -> 10.1002/cne.24985 | K56: =TRIM(_xlfn.TEXTJOIN("_",FALSE,F56,(SUBSTITUTE(SUBSTITUTE(D56," ",""), "_", "")))) -> HerculanoHouzel_etal_2020_TABLE2 | L56: =IF(ISBLANK(C56),TRIM(SUBSTITUTE(SUBSTITUTE(SUBSTITUTE(_xlfn.TEXTJOIN("_", FALSE, J56, SUBSTITUTE(D56,"_", "")), "/", "%2F"), ":", "%3A"), " ", "")),TRIM(SUBSTITUTE(SUBSTITUTE(SUBSTITUTE(_xlfn.TEXTJOIN("_", FALSE, C56, SUBSTITUTE(D56,"_", "")), "/", "%2F"), ":", "%3A"), " ", ""))) -> 10.1002%2Fcne.24985_TABLE2 | M56: {=IFERROR(INDEX(FileList!$A$1:$A$100, MATCH(L56, _xlfn.TEXTBEFORE(FileList!$A$1:$A$100, ".tsv"), 0)), "notfound")} -> 10.1002%2Fcne.24985_TABLE2.tsv | N56: TABLE 2 Numbers of neurons and neuronal density (neurons/mg) | P56: FINISHED | Q56: added | R56: HerculanoHouzel_etal_2020_TABLE2_snapshot.csv | S56: Y | T56: HerculanoHouzel_etal_2020_Table2.csv | U56: pdf | V56: table | W56: NO - paywall | X56: https://doi.org/10.1002/cne.24985 | Y56: Cell numbers | AA56: HH | AB56: HH | AE56: bats
A57: Herculano-Houzel, S., Watson, C., & Paxinos, G. (2013). Distribution of neurons in functional areas of the mouse cerebral cortex reveals quantitatively different cortical zones. Front Neuroanat, 7, 35. https://doi.org/10.3389/fnana.2013.00035 | D57: Figure 2 Top Left | E57: =RIGHT(A57,1) -> 5 | F57: =G57 & IF(H57<>"", "_" & H57, "_") & IF(I57<>"", "_" & I57, "_") & IF(B57<>"", "_" & B57, "") -> HerculanoHouzel_etal_2013 | G57: =SUBSTITUTE(SUBSTITUTE(_xlfn.TEXTBEFORE(A57,","), "-", ""), " ", "") -> HerculanoHouzel | H57: =IF(ISNUMBER(FIND("&", A57)), IF(LEN(A57)-LEN(SUBSTITUTE(A57, ",", ""))>=6, "etal", MID(A57, SEARCH("& ", A57)+2, SEARCH(",", A57, SEARCH("& ", A57)+2) - SEARCH("& ", A57)-2)), "" ) -> etal | I57: =_xlfn.TEXTBEFORE(_xlfn.TEXTAFTER(A57, "("), ")") -> 2013 | J57: =IF(C57<>"", C57, IF(C57="", _xlfn.TEXTAFTER(A57,"https://doi.org/"), C57)) -> 10.3389/fnana.2013.00035 | K57: =TRIM(_xlfn.TEXTJOIN("_",FALSE,F57,(SUBSTITUTE(SUBSTITUTE(D57," ",""), "_", "")))) -> HerculanoHouzel_etal_2013_Figure2TopLeft | L57: =IF(ISBLANK(C57),TRIM(SUBSTITUTE(SUBSTITUTE(SUBSTITUTE(_xlfn.TEXTJOIN("_", FALSE, J57, SUBSTITUTE(D57,"_", "")), "/", "%2F"), ":", "%3A"), " ", "")),TRIM(SUBSTITUTE(SUBSTITUTE(SUBSTITUTE(_xlfn.TEXTJOIN("_", FALSE, C57, SUBSTITUTE(D57,"_", "")), "/", "%2F"), ":", "%3A"), " ", ""))) -> 10.3389%2Ffnana.2013.00035_Figure2TopLeft | M57: {=IFERROR(INDEX(FileList!$A$1:$A$100, MATCH(L57, _xlfn.TEXTBEFORE(FileList!$A$1:$A$100, ".tsv"), 0)), "notfound")} -> 10.3389%2Ffnana.2013.00035_Figure2TopLeft.tsv | Q57: already there
A58: Herculano-Houzel, S., Watson, C., & Paxinos, G. (2013). Distribution of neurons in functional areas of the mouse cerebral cortex reveals quantitatively different cortical zones. Front Neuroanat, 7, 35. https://doi.org/10.3389/fnana.2013.00035 | D58: Table 1-a | E58: =RIGHT(A58,1) -> 5 | F58: =G58 & IF(H58<>"", "_" & H58, "_") & IF(I58<>"", "_" & I58, "_") & IF(B58<>"", "_" & B58, "") -> HerculanoHouzel_etal_2013 | G58: =SUBSTITUTE(SUBSTITUTE(_xlfn.TEXTBEFORE(A58,","), "-", ""), " ", "") -> HerculanoHouzel | H58: =IF(ISNUMBER(FIND("&", A58)), IF(LEN(A58)-LEN(SUBSTITUTE(A58, ",", ""))>=6, "etal", MID(A58, SEARCH("& ", A58)+2, SEARCH(",", A58, SEARCH("& ", A58)+2) - SEARCH("& ", A58)-2)), "" ) -> etal | I58: =_xlfn.TEXTBEFORE(_xlfn.TEXTAFTER(A58, "("), ")") -> 2013 | J58: =IF(C58<>"", C58, IF(C58="", _xlfn.TEXTAFTER(A58,"https://doi.org/"), C58)) -> 10.3389/fnana.2013.00035 | K58: =TRIM(_xlfn.TEXTJOIN("_",FALSE,F58,(SUBSTITUTE(SUBSTITUTE(D58," ",""), "_", "")))) -> HerculanoHouzel_etal_2013_Table1-a | L58: =IF(ISBLANK(C58),TRIM(SUBSTITUTE(SUBSTITUTE(SUBSTITUTE(_xlfn.TEXTJOIN("_", FALSE, J58, SUBSTITUTE(D58,"_", "")), "/", "%2F"), ":", "%3A"), " ", "")),TRIM(SUBSTITUTE(SUBSTITUTE(SUBSTITUTE(_xlfn.TEXTJOIN("_", FALSE, C58, SUBSTITUTE(D58,"_", "")), "/", "%2F"), ":", "%3A"), " ", ""))) -> 10.3389%2Ffnana.2013.00035_Table1-a | M58: {=IFERROR(INDEX(FileList!$A$1:$A$100, MATCH(L58, _xlfn.TEXTBEFORE(FileList!$A$1:$A$100, ".tsv"), 0)), "notfound")} -> 10.3389%2Ffnana.2013.00035_Table1-a.tsv | Q58: already there
A59: Herculano-Houzel, S., Watson, C., & Paxinos, G. (2013). Distribution of neurons in functional areas of the mouse cerebral cortex reveals quantitatively different cortical zones. Front Neuroanat, 7, 35. https://doi.org/10.3389/fnana.2013.00035 | D59: Table 1-b | E59: =RIGHT(A59,1) -> 5 | F59: =G59 & IF(H59<>"", "_" & H59, "_") & IF(I59<>"", "_" & I59, "_") & IF(B59<>"", "_" & B59, "") -> HerculanoHouzel_etal_2013 | G59: =SUBSTITUTE(SUBSTITUTE(_xlfn.TEXTBEFORE(A59,","), "-", ""), " ", "") -> HerculanoHouzel | H59: =IF(ISNUMBER(FIND("&", A59)), IF(LEN(A59)-LEN(SUBSTITUTE(A59, ",", ""))>=6, "etal", MID(A59, SEARCH("& ", A59)+2, SEARCH(",", A59, SEARCH("& ", A59)+2) - SEARCH("& ", A59)-2)), "" ) -> etal | I59: =_xlfn.TEXTBEFORE(_xlfn.TEXTAFTER(A59, "("), ")") -> 2013 | J59: =IF(C59<>"", C59, IF(C59="", _xlfn.TEXTAFTER(A59,"https://doi.org/"), C59)) -> 10.3389/fnana.2013.00035 | K59: =TRIM(_xlfn.TEXTJOIN("_",FALSE,F59,(SUBSTITUTE(SUBSTITUTE(D59," ",""), "_", "")))) -> HerculanoHouzel_etal_2013_Table1-b | L59: =IF(ISBLANK(C59),TRIM(SUBSTITUTE(SUBSTITUTE(SUBSTITUTE(_xlfn.TEXTJOIN("_", FALSE, J59, SUBSTITUTE(D59,"_", "")), "/", "%2F"), ":", "%3A"), " ", "")),TRIM(SUBSTITUTE(SUBSTITUTE(SUBSTITUTE(_xlfn.TEXTJOIN("_", FALSE, C59, SUBSTITUTE(D59,"_", "")), "/", "%2F"), ":", "%3A"), " ", ""))) -> 10.3389%2Ffnana.2013.00035_Table1-b | M59: {=IFERROR(INDEX(FileList!$A$1:$A$100, MATCH(L59, _xlfn.TEXTBEFORE(FileList!$A$1:$A$100, ".tsv"), 0)), "notfound")} -> 10.3389%2Ffnana.2013.00035_Table1-b.tsv | Q59: already there
A60: Isler, K., Christopher Kirk, E., Miller, J. M. A., Albrecht, G. A., Gelvin, B. R., & Martin, R. D. (2008). Endocranial volumes of primate species: scaling analyses using a comprehensive and reliable data set. J Hum Evol, 55(6), 967. https://doi.org/10.1016/j.jhevol.2008.08.004 | D60: Table 2 | E60: =RIGHT(A60,1) -> 4 | F60: =G60 & IF(H60<>"", "_" & H60, "_") & IF(I60<>"", "_" & I60, "_") & IF(B60<>"", "_" & B60, "") -> Isler_etal_2008 | G60: =SUBSTITUTE(SUBSTITUTE(_xlfn.TEXTBEFORE(A60,","), "-", ""), " ", "") -> Isler | H60: =IF(ISNUMBER(FIND("&", A60)), IF(LEN(A60)-LEN(SUBSTITUTE(A60, ",", ""))>=6, "etal", MID(A60, SEARCH("& ", A60)+2, SEARCH(",", A60, SEARCH("& ", A60)+2) - SEARCH("& ", A60)-2)), "" ) -> etal | I60: =_xlfn.TEXTBEFORE(_xlfn.TEXTAFTER(A60, "("), ")") -> 2008 | J60: =IF(C60<>"", C60, IF(C60="", _xlfn.TEXTAFTER(A60,"https://doi.org/"), C60)) -> 10.1016/j.jhevol.2008.08.004 | K60: =TRIM(_xlfn.TEXTJOIN("_",FALSE,F60,(SUBSTITUTE(SUBSTITUTE(D60," ",""), "_", "")))) -> Isler_etal_2008_Table2 | L60: =IF(ISBLANK(C60),TRIM(SUBSTITUTE(SUBSTITUTE(SUBSTITUTE(_xlfn.TEXTJOIN("_", FALSE, J60, SUBSTITUTE(D60,"_", "")), "/", "%2F"), ":", "%3A"), " ", "")),TRIM(SUBSTITUTE(SUBSTITUTE(SUBSTITUTE(_xlfn.TEXTJOIN("_", FALSE, C60, SUBSTITUTE(D60,"_", "")), "/", "%2F"), ":", "%3A"), " ", ""))) -> 10.1016%2Fj.jhevol.2008.08.004_Table2 | M60: {=IFERROR(INDEX(FileList!$A$1:$A$100, MATCH(L60, _xlfn.TEXTBEFORE(FileList!$A$1:$A$100, ".tsv"), 0)), "notfound")} -> 10.1016%2Fj.jhevol.2008.08.004_Table2.tsv | Q60: already there
A61: Isler, K., Christopher Kirk, E., Miller, J. M. A., Albrecht, G. A., Gelvin, B. R., & Martin, R. D. (2008). Endocranial volumes of primate species: scaling analyses using a comprehensive and reliable data set. J Hum Evol, 55(6), 967. https://doi.org/10.1016/j.jhevol.2008.08.004 | D61: Table 7 | E61: =RIGHT(A61,1) -> 4 | F61: =G61 & IF(H61<>"", "_" & H61, "_") & IF(I61<>"", "_" & I61, "_") & IF(B61<>"", "_" & B61, "") -> Isler_etal_2008 | G61: =SUBSTITUTE(SUBSTITUTE(_xlfn.TEXTBEFORE(A61,","), "-", ""), " ", "") -> Isler | H61: =IF(ISNUMBER(FIND("&", A61)), IF(LEN(A61)-LEN(SUBSTITUTE(A61, ",", ""))>=6, "etal", MID(A61, SEARCH("& ", A61)+2, SEARCH(",", A61, SEARCH("& ", A61)+2) - SEARCH("& ", A61)-2)), "" ) -> etal | I61: =_xlfn.TEXTBEFORE(_xlfn.TEXTAFTER(A61, "("), ")") -> 2008 | J61: =IF(C61<>"", C61, IF(C61="", _xlfn.TEXTAFTER(A61,"https://doi.org/"), C61)) -> 10.1016/j.jhevol.2008.08.004 | K61: =TRIM(_xlfn.TEXTJOIN("_",FALSE,F61,(SUBSTITUTE(SUBSTITUTE(D61," ",""), "_", "")))) -> Isler_etal_2008_Table7 | L61: =IF(ISBLANK(C61),TRIM(SUBSTITUTE(SUBSTITUTE(SUBSTITUTE(_xlfn.TEXTJOIN("_", FALSE, J61, SUBSTITUTE(D61,"_", "")), "/", "%2F"), ":", "%3A"), " ", "")),TRIM(SUBSTITUTE(SUBSTITUTE(SUBSTITUTE(_xlfn.TEXTJOIN("_", FALSE, C61, SUBSTITUTE(D61,"_", "")), "/", "%2F"), ":", "%3A"), " ", ""))) -> 10.1016%2Fj.jhevol.2008.08.004_Table7 | M61: {=IFERROR(INDEX(FileList!$A$1:$A$100, MATCH(L61, _xlfn.TEXTBEFORE(FileList!$A$1:$A$100, ".tsv"), 0)), "notfound")} -> 10.1016%2Fj.jhevol.2008.08.004_Table7.tsv | Q61: already there
A62: Isler, K., Christopher Kirk, E., Miller, J. M. A., Albrecht, G. A., Gelvin, B. R., & Martin, R. D. (2008). Endocranial volumes of primate species: scaling analyses using a comprehensive and reliable data set. J Hum Evol, 55(6), 967. https://doi.org/10.1016/j.jhevol.2008.08.004 | D62: Table S1 | E62: =RIGHT(A62,1) -> 4 | F62: =G62 & IF(H62<>"", "_" & H62, "_") & IF(I62<>"", "_" & I62, "_") & IF(B62<>"", "_" & B62, "") -> Isler_etal_2008 | G62: =SUBSTITUTE(SUBSTITUTE(_xlfn.TEXTBEFORE(A62,","), "-", ""), " ", "") -> Isler | H62: =IF(ISNUMBER(FIND("&", A62)), IF(LEN(A62)-LEN(SUBSTITUTE(A62, ",", ""))>=6, "etal", MID(A62, SEARCH("& ", A62)+2, SEARCH(",", A62, SEARCH("& ", A62)+2) - SEARCH("& ", A62)-2)), "" ) -> etal | I62: =_xlfn.TEXTBEFORE(_xlfn.TEXTAFTER(A62, "("), ")") -> 2008 | J62: =IF(C62<>"", C62, IF(C62="", _xlfn.TEXTAFTER(A62,"https://doi.org/"), C62)) -> 10.1016/j.jhevol.2008.08.004 | K62: =TRIM(_xlfn.TEXTJOIN("_",FALSE,F62,(SUBSTITUTE(SUBSTITUTE(D62," ",""), "_", "")))) -> Isler_etal_2008_TableS1 | L62: =IF(ISBLANK(C62),TRIM(SUBSTITUTE(SUBSTITUTE(SUBSTITUTE(_xlfn.TEXTJOIN("_", FALSE, J62, SUBSTITUTE(D62,"_", "")), "/", "%2F"), ":", "%3A"), " ", "")),TRIM(SUBSTITUTE(SUBSTITUTE(SUBSTITUTE(_xlfn.TEXTJOIN("_", FALSE, C62, SUBSTITUTE(D62,"_", "")), "/", "%2F"), ":", "%3A"), " ", ""))) -> 10.1016%2Fj.jhevol.2008.08.004_TableS1 | M62: {=IFERROR(INDEX(FileList!$A$1:$A$100, MATCH(L62, _xlfn.TEXTBEFORE(FileList!$A$1:$A$100, ".tsv"), 0)), "notfound")} -> 10.1016%2Fj.jhevol.2008.08.004_TableS1.tsv | Q62: already there
A63: Isler, K., Christopher Kirk, E., Miller, J. M. A., Albrecht, G. A., Gelvin, B. R., & Martin, R. D. (2008). Endocranial volumes of primate species: scaling analyses using a comprehensive and reliable data set. J Hum Evol, 55(6), 967. https://doi.org/10.1016/j.jhevol.2008.08.004 | D63: Table S2 | E63: =RIGHT(A63,1) -> 4 | F63: =G63 & IF(H63<>"", "_" & H63, "_") & IF(I63<>"", "_" & I63, "_") & IF(B63<>"", "_" & B63, "") -> Isler_etal_2008 | G63: =SUBSTITUTE(SUBSTITUTE(_xlfn.TEXTBEFORE(A63,","), "-", ""), " ", "") -> Isler | H63: =IF(ISNUMBER(FIND("&", A63)), IF(LEN(A63)-LEN(SUBSTITUTE(A63, ",", ""))>=6, "etal", MID(A63, SEARCH("& ", A63)+2, SEARCH(",", A63, SEARCH("& ", A63)+2) - SEARCH("& ", A63)-2)), "" ) -> etal | I63: =_xlfn.TEXTBEFORE(_xlfn.TEXTAFTER(A63, "("), ")") -> 2008 | J63: =IF(C63<>"", C63, IF(C63="", _xlfn.TEXTAFTER(A63,"https://doi.org/"), C63)) -> 10.1016/j.jhevol.2008.08.004 | K63: =TRIM(_xlfn.TEXTJOIN("_",FALSE,F63,(SUBSTITUTE(SUBSTITUTE(D63," ",""), "_", "")))) -> Isler_etal_2008_TableS2 | L63: =IF(ISBLANK(C63),TRIM(SUBSTITUTE(SUBSTITUTE(SUBSTITUTE(_xlfn.TEXTJOIN("_", FALSE, J63, SUBSTITUTE(D63,"_", "")), "/", "%2F"), ":", "%3A"), " ", "")),TRIM(SUBSTITUTE(SUBSTITUTE(SUBSTITUTE(_xlfn.TEXTJOIN("_", FALSE, C63, SUBSTITUTE(D63,"_", "")), "/", "%2F"), ":", "%3A"), " ", ""))) -> 10.1016%2Fj.jhevol.2008.08.004_TableS2 | M63: {=IFERROR(INDEX(FileList!$A$1:$A$100, MATCH(L63, _xlfn.TEXTBEFORE(FileList!$A$1:$A$100, ".tsv"), 0)), "notfound")} -> 10.1016%2Fj.jhevol.2008.08.004_TableS2.tsv | Q63: already there
A64: Isler, K., Christopher Kirk, E., Miller, J. M. A., Albrecht, G. A., Gelvin, B. R., & Martin, R. D. (2008). Endocranial volumes of primate species: scaling analyses using a comprehensive and reliable data set. J Hum Evol, 55(6), 967. https://doi.org/10.1016/j.jhevol.2008.08.004 | D64: Table S3 | E64: =RIGHT(A64,1) -> 4 | F64: =G64 & IF(H64<>"", "_" & H64, "_") & IF(I64<>"", "_" & I64, "_") & IF(B64<>"", "_" & B64, "") -> Isler_etal_2008 | G64: =SUBSTITUTE(SUBSTITUTE(_xlfn.TEXTBEFORE(A64,","), "-", ""), " ", "") -> Isler | H64: =IF(ISNUMBER(FIND("&", A64)), IF(LEN(A64)-LEN(SUBSTITUTE(A64, ",", ""))>=6, "etal", MID(A64, SEARCH("& ", A64)+2, SEARCH(",", A64, SEARCH("& ", A64)+2) - SEARCH("& ", A64)-2)), "" ) -> etal | I64: =_xlfn.TEXTBEFORE(_xlfn.TEXTAFTER(A64, "("), ")") -> 2008 | J64: =IF(C64<>"", C64, IF(C64="", _xlfn.TEXTAFTER(A64,"https://doi.org/"), C64)) -> 10.1016/j.jhevol.2008.08.004 | K64: =TRIM(_xlfn.TEXTJOIN("_",FALSE,F64,(SUBSTITUTE(SUBSTITUTE(D64," ",""), "_", "")))) -> Isler_etal_2008_TableS3 | L64: =IF(ISBLANK(C64),TRIM(SUBSTITUTE(SUBSTITUTE(SUBSTITUTE(_xlfn.TEXTJOIN("_", FALSE, J64, SUBSTITUTE(D64,"_", "")), "/", "%2F"), ":", "%3A"), " ", "")),TRIM(SUBSTITUTE(SUBSTITUTE(SUBSTITUTE(_xlfn.TEXTJOIN("_", FALSE, C64, SUBSTITUTE(D64,"_", "")), "/", "%2F"), ":", "%3A"), " ", ""))) -> 10.1016%2Fj.jhevol.2008.08.004_TableS3 | M64: {=IFERROR(INDEX(FileList!$A$1:$A$100, MATCH(L64, _xlfn.TEXTBEFORE(FileList!$A$1:$A$100, ".tsv"), 0)), "notfound")} -> 10.1016%2Fj.jhevol.2008.08.004_TableS3.tsv | Q64: already there
A65: Isler, K., Christopher Kirk, E., Miller, J. M. A., Albrecht, G. A., Gelvin, B. R., & Martin, R. D. (2008). Endocranial volumes of primate species: scaling analyses using a comprehensive and reliable data set. J Hum Evol, 55(6), 967. https://doi.org/10.1016/j.jhevol.2008.08.004 | D65: Tree.nex | E65: =RIGHT(A65,1) -> 4 | F65: =G65 & IF(H65<>"", "_" & H65, "_") & IF(I65<>"", "_" & I65, "_") & IF(B65<>"", "_" & B65, "") -> Isler_etal_2008 | G65: =SUBSTITUTE(SUBSTITUTE(_xlfn.TEXTBEFORE(A65,","), "-", ""), " ", "") -> Isler | H65: =IF(ISNUMBER(FIND("&", A65)), IF(LEN(A65)-LEN(SUBSTITUTE(A65, ",", ""))>=6, "etal", MID(A65, SEARCH("& ", A65)+2, SEARCH(",", A65, SEARCH("& ", A65)+2) - SEARCH("& ", A65)-2)), "" ) -> etal | I65: =_xlfn.TEXTBEFORE(_xlfn.TEXTAFTER(A65, "("), ")") -> 2008 | J65: =IF(C65<>"", C65, IF(C65="", _xlfn.TEXTAFTER(A65,"https://doi.org/"), C65)) -> 10.1016/j.jhevol.2008.08.004 | K65: =TRIM(_xlfn.TEXTJOIN("_",FALSE,F65,(SUBSTITUTE(SUBSTITUTE(D65," ",""), "_", "")))) -> Isler_etal_2008_Tree.nex | L65: =IF(ISBLANK(C65),TRIM(SUBSTITUTE(SUBSTITUTE(SUBSTITUTE(_xlfn.TEXTJOIN("_", FALSE, J65, SUBSTITUTE(D65,"_", "")), "/", "%2F"), ":", "%3A"), " ", "")),TRIM(SUBSTITUTE(SUBSTITUTE(SUBSTITUTE(_xlfn.TEXTJOIN("_", FALSE, C65, SUBSTITUTE(D65,"_", "")), "/", "%2F"), ":", "%3A"), " ", ""))) -> 10.1016%2Fj.jhevol.2008.08.004_Tree.nex | M65: {=IFERROR(INDEX(FileList!$A$1:$A$100, MATCH(L65, _xlfn.TEXTBEFORE(FileList!$A$1:$A$100, ".tsv"), 0)), "notfound")} -> notfound | Q65: already there
A66: Iwaniuk, A. N., Nelson, J. E., & Pellis, S. M. (2001). Do big-brained animals play more? Comparative analyses of play and relative brain size in mammals. J Comp Psychol, 115(1), 29-41. https://doi.org/10.1037/0735-7036.115.1.29 | D66: Table 1 | E66: =RIGHT(A66,1) -> 9 | F66: =G66 & IF(H66<>"", "_" & H66, "_") & IF(I66<>"", "_" & I66, "_") & IF(B66<>"", "_" & B66, "") -> Iwaniuk_etal_2001 | G66: =SUBSTITUTE(SUBSTITUTE(_xlfn.TEXTBEFORE(A66,","), "-", ""), " ", "") -> Iwaniuk | H66: =IF(ISNUMBER(FIND("&", A66)), IF(LEN(A66)-LEN(SUBSTITUTE(A66, ",", ""))>=6, "etal", MID(A66, SEARCH("& ", A66)+2, SEARCH(",", A66, SEARCH("& ", A66)+2) - SEARCH("& ", A66)-2)), "" ) -> etal | I66: =_xlfn.TEXTBEFORE(_xlfn.TEXTAFTER(A66, "("), ")") -> 2001 | J66: =IF(C66<>"", C66, IF(C66="", _xlfn.TEXTAFTER(A66,"https://doi.org/"), C66)) -> 10.1037/0735-7036.115.1.29 | K66: =TRIM(_xlfn.TEXTJOIN("_",FALSE,F66,(SUBSTITUTE(SUBSTITUTE(D66," ",""), "_", "")))) -> Iwaniuk_etal_2001_Table1 | L66: =IF(ISBLANK(C66),TRIM(SUBSTITUTE(SUBSTITUTE(SUBSTITUTE(_xlfn.TEXTJOIN("_", FALSE, J66, SUBSTITUTE(D66,"_", "")), "/", "%2F"), ":", "%3A"), " ", "")),TRIM(SUBSTITUTE(SUBSTITUTE(SUBSTITUTE(_xlfn.TEXTJOIN("_", FALSE, C66, SUBSTITUTE(D66,"_", "")), "/", "%2F"), ":", "%3A"), " ", ""))) -> 10.1037%2F0735-7036.115.1.29_Table1 | M66: {=IFERROR(INDEX(FileList!$A$1:$A$100, MATCH(L66, _xlfn.TEXTBEFORE(FileList!$A$1:$A$100, ".tsv"), 0)), "notfound")} -> 10.1037%2F0735-7036.115.1.29_Table1.tsv | N66: Table 1 Encephalization Quotients (EQs) and Play Scores for 15 Mammalian Orders | P66: only manually added M1 species; do all species and record steps | Q66: NA | T66: =IF(S66="N", R66, "write file name") -> write file name | U66: pdf | V66: table | Y66: play | AE66: mammal clades
A67: Iwaniuk, A. N., Nelson, J. E., & Pellis, S. M. (2001). Do big-brained animals play more? Comparative analyses of play and relative brain size in mammals. J Comp Psychol, 115(1), 29-41. https://doi.org/10.1037/0735-7036.115.1.29 | D67: Table 2 | E67: =RIGHT(A67,1) -> 9 | F67: =G67 & IF(H67<>"", "_" & H67, "_") & IF(I67<>"", "_" & I67, "_") & IF(B67<>"", "_" & B67, "") -> Iwaniuk_etal_2001 | G67: =SUBSTITUTE(SUBSTITUTE(_xlfn.TEXTBEFORE(A67,","), "-", ""), " ", "") -> Iwaniuk | H67: =IF(ISNUMBER(FIND("&", A67)), IF(LEN(A67)-LEN(SUBSTITUTE(A67, ",", ""))>=6, "etal", MID(A67, SEARCH("& ", A67)+2, SEARCH(",", A67, SEARCH("& ", A67)+2) - SEARCH("& ", A67)-2)), "" ) -> etal | I67: =_xlfn.TEXTBEFORE(_xlfn.TEXTAFTER(A67, "("), ")") -> 2001 | J67: =IF(C67<>"", C67, IF(C67="", _xlfn.TEXTAFTER(A67,"https://doi.org/"), C67)) -> 10.1037/0735-7036.115.1.29 | K67: =TRIM(_xlfn.TEXTJOIN("_",FALSE,F67,(SUBSTITUTE(SUBSTITUTE(D67," ",""), "_", "")))) -> Iwaniuk_etal_2001_Table2 | L67: =IF(ISBLANK(C67),TRIM(SUBSTITUTE(SUBSTITUTE(SUBSTITUTE(_xlfn.TEXTJOIN("_", FALSE, J67, SUBSTITUTE(D67,"_", "")), "/", "%2F"), ":", "%3A"), " ", "")),TRIM(SUBSTITUTE(SUBSTITUTE(SUBSTITUTE(_xlfn.TEXTJOIN("_", FALSE, C67, SUBSTITUTE(D67,"_", "")), "/", "%2F"), ":", "%3A"), " ", ""))) -> 10.1037%2F0735-7036.115.1.29_Table2 | M67: {=IFERROR(INDEX(FileList!$A$1:$A$100, MATCH(L67, _xlfn.TEXTBEFORE(FileList!$A$1:$A$100, ".tsv"), 0)), "notfound")} -> 10.1037%2F0735-7036.115.1.29_Table2.tsv | N67: Table 2 The Five Play Scores and Relative Brain Sizes for the Species of Muroid Rodents Examined | P67: only manually added M1 species; do all species and record steps | Q67: NA | T67: =IF(S67="N", R67, "write file name") -> write file name | U67: pdf | V67: table | Y67: play | AE67: mammal clades
A68: Iwaniuk, A. N., Nelson, J. E., & Pellis, S. M. (2001). Do big-brained animals play more? Comparative analyses of play and relative brain size in mammals. J Comp Psychol, 115(1), 29-41. https://doi.org/10.1037/0735-7036.115.1.29 | D68: Table 3 | E68: =RIGHT(A68,1) -> 9 | F68: =G68 & IF(H68<>"", "_" & H68, "_") & IF(I68<>"", "_" & I68, "_") & IF(B68<>"", "_" & B68, "") -> Iwaniuk_etal_2001 | G68: =SUBSTITUTE(SUBSTITUTE(_xlfn.TEXTBEFORE(A68,","), "-", ""), " ", "") -> Iwaniuk | H68: =IF(ISNUMBER(FIND("&", A68)), IF(LEN(A68)-LEN(SUBSTITUTE(A68, ",", ""))>=6, "etal", MID(A68, SEARCH("& ", A68)+2, SEARCH(",", A68, SEARCH("& ", A68)+2) - SEARCH("& ", A68)-2)), "" ) -> etal | I68: =_xlfn.TEXTBEFORE(_xlfn.TEXTAFTER(A68, "("), ")") -> 2001 | J68: =IF(C68<>"", C68, IF(C68="", _xlfn.TEXTAFTER(A68,"https://doi.org/"), C68)) -> 10.1037/0735-7036.115.1.29 | K68: =TRIM(_xlfn.TEXTJOIN("_",FALSE,F68,(SUBSTITUTE(SUBSTITUTE(D68," ",""), "_", "")))) -> Iwaniuk_etal_2001_Table3 | L68: =IF(ISBLANK(C68),TRIM(SUBSTITUTE(SUBSTITUTE(SUBSTITUTE(_xlfn.TEXTJOIN("_", FALSE, J68, SUBSTITUTE(D68,"_", "")), "/", "%2F"), ":", "%3A"), " ", "")),TRIM(SUBSTITUTE(SUBSTITUTE(SUBSTITUTE(_xlfn.TEXTJOIN("_", FALSE, C68, SUBSTITUTE(D68,"_", "")), "/", "%2F"), ":", "%3A"), " ", ""))) -> 10.1037%2F0735-7036.115.1.29_Table3 | M68: {=IFERROR(INDEX(FileList!$A$1:$A$100, MATCH(L68, _xlfn.TEXTBEFORE(FileList!$A$1:$A$100, ".tsv"), 0)), "notfound")} -> 10.1037%2F0735-7036.115.1.29_Table3.tsv | N68: Table 3 The Play Scores and Relative Brain ( EQ) and Neocortex Sizes for the Marsupials Examined | P68: only manually added M1 species; do all species and record steps | Q68: NA | T68: =IF(S68="N", R68, "write file name") -> write file name | U68: pdf | V68: table | Y68: play | AE68: mammal clades
A69: Iwaniuk, A. N., Nelson, J. E., & Pellis, S. M. (2001). Do big-brained animals play more? Comparative analyses of play and relative brain size in mammals. J Comp Psychol, 115(1), 29-41. https://doi.org/10.1037/0735-7036.115.1.29 | D69: Table 4 | E69: =RIGHT(A69,1) -> 9 | F69: =G69 & IF(H69<>"", "_" & H69, "_") & IF(I69<>"", "_" & I69, "_") & IF(B69<>"", "_" & B69, "") -> Iwaniuk_etal_2001 | G69: =SUBSTITUTE(SUBSTITUTE(_xlfn.TEXTBEFORE(A69,","), "-", ""), " ", "") -> Iwaniuk | H69: =IF(ISNUMBER(FIND("&", A69)), IF(LEN(A69)-LEN(SUBSTITUTE(A69, ",", ""))>=6, "etal", MID(A69, SEARCH("& ", A69)+2, SEARCH(",", A69, SEARCH("& ", A69)+2) - SEARCH("& ", A69)-2)), "" ) -> etal | I69: =_xlfn.TEXTBEFORE(_xlfn.TEXTAFTER(A69, "("), ")") -> 2001 | J69: =IF(C69<>"", C69, IF(C69="", _xlfn.TEXTAFTER(A69,"https://doi.org/"), C69)) -> 10.1037/0735-7036.115.1.29 | K69: =TRIM(_xlfn.TEXTJOIN("_",FALSE,F69,(SUBSTITUTE(SUBSTITUTE(D69," ",""), "_", "")))) -> Iwaniuk_etal_2001_Table4 | L69: =IF(ISBLANK(C69),TRIM(SUBSTITUTE(SUBSTITUTE(SUBSTITUTE(_xlfn.TEXTJOIN("_", FALSE, J69, SUBSTITUTE(D69,"_", "")), "/", "%2F"), ":", "%3A"), " ", "")),TRIM(SUBSTITUTE(SUBSTITUTE(SUBSTITUTE(_xlfn.TEXTJOIN("_", FALSE, C69, SUBSTITUTE(D69,"_", "")), "/", "%2F"), ":", "%3A"), " ", ""))) -> 10.1037%2F0735-7036.115.1.29_Table4 | M69: {=IFERROR(INDEX(FileList!$A$1:$A$100, MATCH(L69, _xlfn.TEXTBEFORE(FileList!$A$1:$A$100, ".tsv"), 0)), "notfound")} -> 10.1037%2F0735-7036.115.1.29_Table4.tsv | N69: Table 4 Play Scores and Relative Brain and Neocortex Sizes for the Primates Examined | P69: only manually added M1 species; do all species and record steps | Q69: NA | T69: =IF(S69="N", R69, "write file name") -> write file name | U69: pdf | V69: table | Y69: play | AE69: mammal clades
A70: Iwaniuk, A. N., Pellis, S. M., & Whishaw, I. Q. (1999). Is digital dexterity really related to corticospinal projections?: a re-analysis of the Heffner and Masterton data set using modern comparative statistics. Behav Brain Res, 101(2), 173-187. https://doi.org/10.1016/s0166-4328(98)00151-x | D70: References | E70: =RIGHT(A70,1) -> x | F70: =G70 & IF(H70<>"", "_" & H70, "_") & IF(I70<>"", "_" & I70, "_") & IF(B70<>"", "_" & B70, "") -> Iwaniuk_etal_1999 | G70: =SUBSTITUTE(SUBSTITUTE(_xlfn.TEXTBEFORE(A70,","), "-", ""), " ", "") -> Iwaniuk | H70: =IF(ISNUMBER(FIND("&", A70)), IF(LEN(A70)-LEN(SUBSTITUTE(A70, ",", ""))>=6, "etal", MID(A70, SEARCH("& ", A70)+2, SEARCH(",", A70, SEARCH("& ", A70)+2) - SEARCH("& ", A70)-2)), "" ) -> etal | I70: =_xlfn.TEXTBEFORE(_xlfn.TEXTAFTER(A70, "("), ")") -> 1999 | J70: =IF(C70<>"", C70, IF(C70="", _xlfn.TEXTAFTER(A70,"https://doi.org/"), C70)) -> 10.1016/s0166-4328(98)00151-x | K70: =TRIM(_xlfn.TEXTJOIN("_",FALSE,F70,(SUBSTITUTE(SUBSTITUTE(D70," ",""), "_", "")))) -> Iwaniuk_etal_1999_References | L70: =IF(ISBLANK(C70),TRIM(SUBSTITUTE(SUBSTITUTE(SUBSTITUTE(_xlfn.TEXTJOIN("_", FALSE, J70, SUBSTITUTE(D70,"_", "")), "/", "%2F"), ":", "%3A"), " ", "")),TRIM(SUBSTITUTE(SUBSTITUTE(SUBSTITUTE(_xlfn.TEXTJOIN("_", FALSE, C70, SUBSTITUTE(D70,"_", "")), "/", "%2F"), ":", "%3A"), " ", ""))) -> 10.1016%2Fs0166-4328(98)00151-x_References | M70: {=IFERROR(INDEX(FileList!$A$1:$A$100, MATCH(L70, _xlfn.TEXTBEFORE(FileList!$A$1:$A$100, ".tsv"), 0)), "notfound")} -> notfound | N70: References | P70: NOT STARTED | V70: reference list | W70: NO - paywall
A71: Iwaniuk, A. N., Pellis, S. M., & Whishaw, I. Q. (1999). Is digital dexterity really related to corticospinal projections?: a re-analysis of the Heffner and Masterton data set using modern comparative statistics. Behav Brain Res, 101(2), 173-187. https://doi.org/10.1016/s0166-4328(98)00151-x | D71: Table 1 | E71: =RIGHT(A71,1) -> x | F71: =G71 & IF(H71<>"", "_" & H71, "_") & IF(I71<>"", "_" & I71, "_") & IF(B71<>"", "_" & B71, "") -> Iwaniuk_etal_1999 | G71: =SUBSTITUTE(SUBSTITUTE(_xlfn.TEXTBEFORE(A71,","), "-", ""), " ", "") -> Iwaniuk | H71: =IF(ISNUMBER(FIND("&", A71)), IF(LEN(A71)-LEN(SUBSTITUTE(A71, ",", ""))>=6, "etal", MID(A71, SEARCH("& ", A71)+2, SEARCH(",", A71, SEARCH("& ", A71)+2) - SEARCH("& ", A71)-2)), "" ) -> etal | I71: =_xlfn.TEXTBEFORE(_xlfn.TEXTAFTER(A71, "("), ")") -> 1999 | J71: =IF(C71<>"", C71, IF(C71="", _xlfn.TEXTAFTER(A71,"https://doi.org/"), C71)) -> 10.1016/s0166-4328(98)00151-x | K71: =TRIM(_xlfn.TEXTJOIN("_",FALSE,F71,(SUBSTITUTE(SUBSTITUTE(D71," ",""), "_", "")))) -> Iwaniuk_etal_1999_Table1 | L71: =IF(ISBLANK(C71),TRIM(SUBSTITUTE(SUBSTITUTE(SUBSTITUTE(_xlfn.TEXTJOIN("_", FALSE, J71, SUBSTITUTE(D71,"_", "")), "/", "%2F"), ":", "%3A"), " ", "")),TRIM(SUBSTITUTE(SUBSTITUTE(SUBSTITUTE(_xlfn.TEXTJOIN("_", FALSE, C71, SUBSTITUTE(D71,"_", "")), "/", "%2F"), ":", "%3A"), " ", ""))) -> 10.1016%2Fs0166-4328(98)00151-x_Table1 | M71: {=IFERROR(INDEX(FileList!$A$1:$A$100, MATCH(L71, _xlfn.TEXTBEFORE(FileList!$A$1:$A$100, ".tsv"), 0)), "notfound")} -> 10.1016%2Fs0166-4328(98)00151-x_Table1.tsv | N71: Table 1 The anatomical and behavioural traits used the comparative analysis | P71: NOT STARTED | V71: table | W71: NO - paywall
A72: Jardim-Messeder, D., Lambert, K., Noctor, S., Pestana, F. M., de Castro Leal, M. E., Bertelsen, M. F., Alagaili, A. N., Mohammad, O. B., Manger, P. R., & Herculano-Houzel, S. (2017). Dogs Have the Most Neurons, Though Not the Largest Brain: Trade-Off between Body Mass and Number of Neurons in the Cerebral Cortex of Large Carnivoran Species. Front Neuroanat, 11, 118. https://doi.org/10.3389/fnana.2017.00118 | D72: Table 1 | E72: =RIGHT(A72,1) -> 8 | F72: =G72 & IF(H72<>"", "_" & H72, "_") & IF(I72<>"", "_" & I72, "_") & IF(B72<>"", "_" & B72, "") -> JardimMesseder_etal_2017 | G72: =SUBSTITUTE(SUBSTITUTE(_xlfn.TEXTBEFORE(A72,","), "-", ""), " ", "") -> JardimMesseder | H72: =IF(ISNUMBER(FIND("&", A72)), IF(LEN(A72)-LEN(SUBSTITUTE(A72, ",", ""))>=6, "etal", MID(A72, SEARCH("& ", A72)+2, SEARCH(",", A72, SEARCH("& ", A72)+2) - SEARCH("& ", A72)-2)), "" ) -> etal | I72: =_xlfn.TEXTBEFORE(_xlfn.TEXTAFTER(A72, "("), ")") -> 2017 | J72: =IF(C72<>"", C72, IF(C72="", _xlfn.TEXTAFTER(A72,"https://doi.org/"), C72)) -> 10.3389/fnana.2017.00118 | K72: =TRIM(_xlfn.TEXTJOIN("_",FALSE,F72,(SUBSTITUTE(SUBSTITUTE(D72," ",""), "_", "")))) -> JardimMesseder_etal_2017_Table1 | L72: =IF(ISBLANK(C72),TRIM(SUBSTITUTE(SUBSTITUTE(SUBSTITUTE(_xlfn.TEXTJOIN("_", FALSE, J72, SUBSTITUTE(D72,"_", "")), "/", "%2F"), ":", "%3A"), " ", "")),TRIM(SUBSTITUTE(SUBSTITUTE(SUBSTITUTE(_xlfn.TEXTJOIN("_", FALSE, C72, SUBSTITUTE(D72,"_", "")), "/", "%2F"), ":", "%3A"), " ", ""))) -> 10.3389%2Ffnana.2017.00118_Table1 | M72: {=IFERROR(INDEX(FileList!$A$1:$A$100, MATCH(L72, _xlfn.TEXTBEFORE(FileList!$A$1:$A$100, ".tsv"), 0)), "notfound")} -> 10.3389%2Ffnana.2017.00118_Table1.tsv | N72: TABLE 1 | Summary of the cellular composition of the major brain structures of eight carnivoran species. | P72: FINISHED | Q72: added | R72: JardimMesseder_etal_2017_Table1_snapshot.csv | S72: Y | T72: JardimMesseder_etal_2017_Table1.csv | U72: pdf | V72: table | W72: YES - but formatting issues | X72: https://doi.org/10.3389/fnana.2017.00118 | Y72: Cell numbers, region size | Z72: primary | AA72: HH | AB72: HH | AE72: companion animals
A73: Johansen, A., Beliveau, V., Colliander, E., Raval, N. R., Dam, V. H., Gillings, N., Aznar, S., Svarer, C., Plaven-Sigray, P., & Knudsen, G. M. (2024). An In Vivo High-Resolution Human Brain Atlas of Synaptic Density. J Neurosci, 44(33). https://doi.org/10.1523/JNEUROSCI.1750-23.2024 | D73: Table 2 | E73: =RIGHT(A73,1) -> 4 | F73: =G73 & IF(H73<>"", "_" & H73, "_") & IF(I73<>"", "_" & I73, "_") & IF(B73<>"", "_" & B73, "") -> Johansen_etal_2024 | G73: =SUBSTITUTE(SUBSTITUTE(_xlfn.TEXTBEFORE(A73,","), "-", ""), " ", "") -> Johansen | H73: =IF(ISNUMBER(FIND("&", A73)), IF(LEN(A73)-LEN(SUBSTITUTE(A73, ",", ""))>=6, "etal", MID(A73, SEARCH("& ", A73)+2, SEARCH(",", A73, SEARCH("& ", A73)+2) - SEARCH("& ", A73)-2)), "" ) -> etal | I73: =_xlfn.TEXTBEFORE(_xlfn.TEXTAFTER(A73, "("), ")") -> 2024 | J73: =IF(C73<>"", C73, IF(C73="", _xlfn.TEXTAFTER(A73,"https://doi.org/"), C73)) -> 10.1523/JNEUROSCI.1750-23.2024 | K73: =TRIM(_xlfn.TEXTJOIN("_",FALSE,F73,(SUBSTITUTE(SUBSTITUTE(D73," ",""), "_", "")))) -> Johansen_etal_2024_Table2 | L73: =IF(ISBLANK(C73),TRIM(SUBSTITUTE(SUBSTITUTE(SUBSTITUTE(_xlfn.TEXTJOIN("_", FALSE, J73, SUBSTITUTE(D73,"_", "")), "/", "%2F"), ":", "%3A"), " ", "")),TRIM(SUBSTITUTE(SUBSTITUTE(SUBSTITUTE(_xlfn.TEXTJOIN("_", FALSE, C73, SUBSTITUTE(D73,"_", "")), "/", "%2F"), ":", "%3A"), " ", ""))) -> 10.1523%2FJNEUROSCI.1750-23.2024_Table2 | M73: {=IFERROR(INDEX(FileList!$A$1:$A$100, MATCH(L73, _xlfn.TEXTBEFORE(FileList!$A$1:$A$100, ".tsv"), 0)), "notfound")} -> notfound | N73: Table 2. Summary of SV2A Bmax (pmol/mL) in individual regions in the left and right hemisphere and for a weighted average (total) | Y73: the synaptic marker Synaptic Vesicle glycoprotein 2A (SV2A)
A74: Karbowski, J. (2007). Global and regional brain metabolic scaling and its functional consequences. BMC Biol, 5, 18. https://doi.org/10.1186/1741-7007-5-18 | D74: Table1 | E74: =RIGHT(A74,1) -> 8 | F74: =G74 & IF(H74<>"", "_" & H74, "_") & IF(I74<>"", "_" & I74, "_") & IF(B74<>"", "_" & B74, "") -> Karbowski__2007 | G74: =SUBSTITUTE(SUBSTITUTE(_xlfn.TEXTBEFORE(A74,","), "-", ""), " ", "") -> Karbowski | H74: =IF(ISNUMBER(FIND("&", A74)), IF(LEN(A74)-LEN(SUBSTITUTE(A74, ",", ""))>=6, "etal", MID(A74, SEARCH("& ", A74)+2, SEARCH(",", A74, SEARCH("& ", A74)+2) - SEARCH("& ", A74)-2)), "" ) | I74: =_xlfn.TEXTBEFORE(_xlfn.TEXTAFTER(A74, "("), ")") -> 2007 | J74: =IF(C74<>"", C74, IF(C74="", _xlfn.TEXTAFTER(A74,"https://doi.org/"), C74)) -> 10.1186/1741-7007-5-18 | K74: =TRIM(_xlfn.TEXTJOIN("_",FALSE,F74,(SUBSTITUTE(SUBSTITUTE(D74," ",""), "_", "")))) -> Karbowski__2007_Table1 | L74: =IF(ISBLANK(C74),TRIM(SUBSTITUTE(SUBSTITUTE(SUBSTITUTE(_xlfn.TEXTJOIN("_", FALSE, J74, SUBSTITUTE(D74,"_", "")), "/", "%2F"), ":", "%3A"), " ", "")),TRIM(SUBSTITUTE(SUBSTITUTE(SUBSTITUTE(_xlfn.TEXTJOIN("_", FALSE, C74, SUBSTITUTE(D74,"_", "")), "/", "%2F"), ":", "%3A"), " ", ""))) -> 10.1186%2F1741-7007-5-18_Table1 | M74: {=IFERROR(INDEX(FileList!$A$1:$A$100, MATCH(L74, _xlfn.TEXTBEFORE(FileList!$A$1:$A$100, ".tsv"), 0)), "notfound")} -> notfound | N74: Global and regional brain metabolic scaling (Table 1) | V74: table | Y74: brain metabolic scaling | Z74: primary | AB74: meta-analysis
A75: Karl, M. T., Kim, Y. D., Rajendran, K., Manger, P. R., & Sherwood, C. C. (2024). Invariance of Mitochondria and Synapses in the Primary Visual Cortex of Mammals Provides Insight Into Energetics and Function. J Comp Neurol, 532(9), e25669. https://doi.org/10.1002/cne.25669 | D75: TABLE 1 | E75: =RIGHT(A75,1) -> 9 | F75: =G75 & IF(H75<>"", "_" & H75, "_") & IF(I75<>"", "_" & I75, "_") & IF(B75<>"", "_" & B75, "") -> Karl_etal_2024 | G75: =SUBSTITUTE(SUBSTITUTE(_xlfn.TEXTBEFORE(A75,","), "-", ""), " ", "") -> Karl | H75: =IF(ISNUMBER(FIND("&", A75)), IF(LEN(A75)-LEN(SUBSTITUTE(A75, ",", ""))>=6, "etal", MID(A75, SEARCH("& ", A75)+2, SEARCH(",", A75, SEARCH("& ", A75)+2) - SEARCH("& ", A75)-2)), "" ) -> etal | I75: =_xlfn.TEXTBEFORE(_xlfn.TEXTAFTER(A75, "("), ")") -> 2024 | J75: =IF(C75<>"", C75, IF(C75="", _xlfn.TEXTAFTER(A75,"https://doi.org/"), C75)) -> 10.1002/cne.25669 | K75: =TRIM(_xlfn.TEXTJOIN("_",FALSE,F75,(SUBSTITUTE(SUBSTITUTE(D75," ",""), "_", "")))) -> Karl_etal_2024_TABLE1 | L75: =IF(ISBLANK(C75),TRIM(SUBSTITUTE(SUBSTITUTE(SUBSTITUTE(_xlfn.TEXTJOIN("_", FALSE, J75, SUBSTITUTE(D75,"_", "")), "/", "%2F"), ":", "%3A"), " ", "")),TRIM(SUBSTITUTE(SUBSTITUTE(SUBSTITUTE(_xlfn.TEXTJOIN("_", FALSE, C75, SUBSTITUTE(D75,"_", "")), "/", "%2F"), ":", "%3A"), " ", ""))) -> 10.1002%2Fcne.25669_TABLE1 | M75: {=IFERROR(INDEX(FileList!$A$1:$A$100, MATCH(L75, _xlfn.TEXTBEFORE(FileList!$A$1:$A$100, ".tsv"), 0)), "notfound")} -> 10.1002%2Fcne.25669_TABLE1.tsv | N75: TABLE 1 Dataset used in this study. | U75: pdf | V75: table | W75: NO - paywall | Y75: synapse density | Z75: primary
A76: Kaufman, J. A. (2004). Pattern and scaling of regional cerebral glucose metabolism in mammals [Doctoral dissertation, Washington University in St. Louis]. ProQuest Dissertations & Theses. | C76: ProQuest:TBD | D76: Table1 | E76: =RIGHT(A76,1) -> . | F76: =G76 & IF(H76<>"", "_" & H76, "_") & IF(I76<>"", "_" & I76, "_") & IF(B76<>"", "_" & B76, "") -> #VALUE! | G76: =SUBSTITUTE(SUBSTITUTE(_xlfn.TEXTBEFORE(A76,","), "-", ""), " ", "") -> Kaufman | H76: =IF(ISNUMBER(FIND("&", A76)), IF(LEN(A76)-LEN(SUBSTITUTE(A76, ",", ""))>=6, "etal", MID(A76, SEARCH("& ", A76)+2, SEARCH(",", A76, SEARCH("& ", A76)+2) - SEARCH("& ", A76)-2)), "" ) -> #VALUE! | I76: =_xlfn.TEXTBEFORE(_xlfn.TEXTAFTER(A76, "("), ")") -> 2004 | J76: =IF(C76<>"", C76, IF(C76="", _xlfn.TEXTAFTER(A76,"https://doi.org/"), C76)) -> ProQuest:TBD | K76: =TRIM(_xlfn.TEXTJOIN("_",FALSE,F76,(SUBSTITUTE(SUBSTITUTE(D76," ",""), "_", "")))) -> #VALUE! | L76: =IF(ISBLANK(C76),TRIM(SUBSTITUTE(SUBSTITUTE(SUBSTITUTE(_xlfn.TEXTJOIN("_", FALSE, J76, SUBSTITUTE(D76,"_", "")), "/", "%2F"), ":", "%3A"), " ", "")),TRIM(SUBSTITUTE(SUBSTITUTE(SUBSTITUTE(_xlfn.TEXTJOIN("_", FALSE, C76, SUBSTITUTE(D76,"_", "")), "/", "%2F"), ":", "%3A"), " ", ""))) -> ProQuest%3ATBD_Table1 | M76: {=IFERROR(INDEX(FileList!$A$1:$A$100, MATCH(L76, _xlfn.TEXTBEFORE(FileList!$A$1:$A$100, ".tsv"), 0)), "notfound")} -> notfound | V76: table | Y76: brain/body scaling | Z76: primary | AB76: dissertation | AD76: Doctoral dissertation (not in PubMed; no DOI). Use ProQuest Dissertations & Theses number (or WashU OpenScholarship URI) as the identifier - add the actual number.
A77: Kverkova, K., Belikova, T., Olkowicz, S., Pavelkova, Z., O'Riain, M. J., Sumbera, R., Burda, H., Bennett, N. C., & Nemec, P. (2018). Sociality does not drive the evolution of large brains in eusocial African mole-rats. Sci Rep, 8(1), 9203. https://doi.org/10.1038/s41598-018-26062-8 | D77: Table 1 | E77: =RIGHT(A77,1) -> 8 | F77: =G77 & IF(H77<>"", "_" & H77, "_") & IF(I77<>"", "_" & I77, "_") & IF(B77<>"", "_" & B77, "") -> Kverkova_etal_2018 | G77: =SUBSTITUTE(SUBSTITUTE(_xlfn.TEXTBEFORE(A77,","), "-", ""), " ", "") -> Kverkova | H77: =IF(ISNUMBER(FIND("&", A77)), IF(LEN(A77)-LEN(SUBSTITUTE(A77, ",", ""))>=6, "etal", MID(A77, SEARCH("& ", A77)+2, SEARCH(",", A77, SEARCH("& ", A77)+2) - SEARCH("& ", A77)-2)), "" ) -> etal | I77: =_xlfn.TEXTBEFORE(_xlfn.TEXTAFTER(A77, "("), ")") -> 2018 | J77: =IF(C77<>"", C77, IF(C77="", _xlfn.TEXTAFTER(A77,"https://doi.org/"), C77)) -> 10.1038/s41598-018-26062-8 | K77: =TRIM(_xlfn.TEXTJOIN("_",FALSE,F77,(SUBSTITUTE(SUBSTITUTE(D77," ",""), "_", "")))) -> Kverkova_etal_2018_Table1 | L77: =IF(ISBLANK(C77),TRIM(SUBSTITUTE(SUBSTITUTE(SUBSTITUTE(_xlfn.TEXTJOIN("_", FALSE, J77, SUBSTITUTE(D77,"_", "")), "/", "%2F"), ":", "%3A"), " ", "")),TRIM(SUBSTITUTE(SUBSTITUTE(SUBSTITUTE(_xlfn.TEXTJOIN("_", FALSE, C77, SUBSTITUTE(D77,"_", "")), "/", "%2F"), ":", "%3A"), " ", ""))) -> 10.1038%2Fs41598-018-26062-8_Table1 | M77: {=IFERROR(INDEX(FileList!$A$1:$A$100, MATCH(L77, _xlfn.TEXTBEFORE(FileList!$A$1:$A$100, ".tsv"), 0)), "notfound")} -> 10.1038%2Fs41598-018-26062-8_Table1.tsv | N77: Table 1. Origin and use of the experimental animals. | P77: FINISHED | Q77: added | R77: Kverkova_etal_2018_Table1_snapshot.xlsx | S77: Y | T77: Kverkova_etal_2018_TableS1.csv | U77: docx | V77: table | Y77: sample size and information | Z77: primary | AB77: HH | AE77: African mole-rats (Bathyergidae)
A78: Kverkova, K., Belikova, T., Olkowicz, S., Pavelkova, Z., O'Riain, M. J., Sumbera, R., Burda, H., Bennett, N. C., & Nemec, P. (2018). Sociality does not drive the evolution of large brains in eusocial African mole-rats. Sci Rep, 8(1), 9203. https://doi.org/10.1038/s41598-018-26062-8 | D78: Table S1 | E78: =RIGHT(A78,1) -> 8 | F78: =G78 & IF(H78<>"", "_" & H78, "_") & IF(I78<>"", "_" & I78, "_") & IF(B78<>"", "_" & B78, "") -> Kverkova_etal_2018 | G78: =SUBSTITUTE(SUBSTITUTE(_xlfn.TEXTBEFORE(A78,","), "-", ""), " ", "") -> Kverkova | H78: =IF(ISNUMBER(FIND("&", A78)), IF(LEN(A78)-LEN(SUBSTITUTE(A78, ",", ""))>=6, "etal", MID(A78, SEARCH("& ", A78)+2, SEARCH(",", A78, SEARCH("& ", A78)+2) - SEARCH("& ", A78)-2)), "" ) -> etal | I78: =_xlfn.TEXTBEFORE(_xlfn.TEXTAFTER(A78, "("), ")") -> 2018 | J78: =IF(C78<>"", C78, IF(C78="", _xlfn.TEXTAFTER(A78,"https://doi.org/"), C78)) -> 10.1038/s41598-018-26062-8 | K78: =TRIM(_xlfn.TEXTJOIN("_",FALSE,F78,(SUBSTITUTE(SUBSTITUTE(D78," ",""), "_", "")))) -> Kverkova_etal_2018_TableS1 | L78: =IF(ISBLANK(C78),TRIM(SUBSTITUTE(SUBSTITUTE(SUBSTITUTE(_xlfn.TEXTJOIN("_", FALSE, J78, SUBSTITUTE(D78,"_", "")), "/", "%2F"), ":", "%3A"), " ", "")),TRIM(SUBSTITUTE(SUBSTITUTE(SUBSTITUTE(_xlfn.TEXTJOIN("_", FALSE, C78, SUBSTITUTE(D78,"_", "")), "/", "%2F"), ":", "%3A"), " ", ""))) -> 10.1038%2Fs41598-018-26062-8_TableS1 | M78: {=IFERROR(INDEX(FileList!$A$1:$A$100, MATCH(L78, _xlfn.TEXTBEFORE(FileList!$A$1:$A$100, ".tsv"), 0)), "notfound")} -> 10.1038%2Fs41598-018-26062-8_TableS1.tsv | N78: Table S1. Brain mass and brain region volumes | P78: FINISHED | Q78: added | R78: Kverkova_etal_2018_TableS1_snapshot.xlsx | S78: Y | T78: Kverkova_etal_2018_TableS1.csv | U78: docx | V78: table | W78: YES - but formatting issues | X78: https://static-content.springer.com/esm/art%3A10.1038%2Fs41598-018-26062-8/MediaObjects/41598_2018_26062_MOESM1_ESM.docx | Y78: region size | Z78: primary; secondary brain and body mass | AA78: Kverkova | AB78: HH | AE78: African mole-rats (Bathyergidae)
A79: Kverkova, K., Belikova, T., Olkowicz, S., Pavelkova, Z., O'Riain, M. J., Sumbera, R., Burda, H., Bennett, N. C., & Nemec, P. (2018). Sociality does not drive the evolution of large brains in eusocial African mole-rats. Sci Rep, 8(1), 9203. https://doi.org/10.1038/s41598-018-26062-8 | D79: Table S5 | E79: =RIGHT(A79,1) -> 8 | F79: =G79 & IF(H79<>"", "_" & H79, "_") & IF(I79<>"", "_" & I79, "_") & IF(B79<>"", "_" & B79, "") -> Kverkova_etal_2018 | G79: =SUBSTITUTE(SUBSTITUTE(_xlfn.TEXTBEFORE(A79,","), "-", ""), " ", "") -> Kverkova | H79: =IF(ISNUMBER(FIND("&", A79)), IF(LEN(A79)-LEN(SUBSTITUTE(A79, ",", ""))>=6, "etal", MID(A79, SEARCH("& ", A79)+2, SEARCH(",", A79, SEARCH("& ", A79)+2) - SEARCH("& ", A79)-2)), "" ) -> etal | I79: =_xlfn.TEXTBEFORE(_xlfn.TEXTAFTER(A79, "("), ")") -> 2018 | J79: =IF(C79<>"", C79, IF(C79="", _xlfn.TEXTAFTER(A79,"https://doi.org/"), C79)) -> 10.1038/s41598-018-26062-8 | K79: =TRIM(_xlfn.TEXTJOIN("_",FALSE,F79,(SUBSTITUTE(SUBSTITUTE(D79," ",""), "_", "")))) -> Kverkova_etal_2018_TableS5 | L79: =IF(ISBLANK(C79),TRIM(SUBSTITUTE(SUBSTITUTE(SUBSTITUTE(_xlfn.TEXTJOIN("_", FALSE, J79, SUBSTITUTE(D79,"_", "")), "/", "%2F"), ":", "%3A"), " ", "")),TRIM(SUBSTITUTE(SUBSTITUTE(SUBSTITUTE(_xlfn.TEXTJOIN("_", FALSE, C79, SUBSTITUTE(D79,"_", "")), "/", "%2F"), ":", "%3A"), " ", ""))) -> 10.1038%2Fs41598-018-26062-8_TableS5 | M79: {=IFERROR(INDEX(FileList!$A$1:$A$100, MATCH(L79, _xlfn.TEXTBEFORE(FileList!$A$1:$A$100, ".tsv"), 0)), "notfound")} -> 10.1038%2Fs41598-018-26062-8_TableS5.tsv | N79: Table S5. Numbers of neurons in the whole brain and the major brain divisions | P79: FINISHED | Q79: added | R79: Kverkova_etal_2018_TableS5_snapshot.csv | S79: Y | T79: Kverkova_etal_2018_TableS5.csv | U79: docx online | V79: table | W79: YES - but formatting issues | X79: https://static-content.springer.com/esm/art%3A10.1038%2Fs41598-018-26062-8/MediaObjects/41598_2018_26062_MOESM1_ESM.docx | Y79: Cell numbers | Z79: primary | AA79: Kverkova | AB79: HH | AE79: African mole-rats (Bathyergidae)
A80: Lewitus, E., Kelava, I., & Huttner, W. B. (2013). Conical expansion of the outer subventricular zone and the role of neocortical folding in evolution and development. Front Hum Neurosci, 7, 424. https://doi.org/10.3389/fnhum.2013.00424 | D80: Table S2 partial | E80: =RIGHT(A80,1) -> 4 | F80: =G80 & IF(H80<>"", "_" & H80, "_") & IF(I80<>"", "_" & I80, "_") & IF(B80<>"", "_" & B80, "") -> Lewitus_etal_2013 | G80: =SUBSTITUTE(SUBSTITUTE(_xlfn.TEXTBEFORE(A80,","), "-", ""), " ", "") -> Lewitus | H80: =IF(ISNUMBER(FIND("&", A80)), IF(LEN(A80)-LEN(SUBSTITUTE(A80, ",", ""))>=6, "etal", MID(A80, SEARCH("& ", A80)+2, SEARCH(",", A80, SEARCH("& ", A80)+2) - SEARCH("& ", A80)-2)), "" ) -> etal | I80: =_xlfn.TEXTBEFORE(_xlfn.TEXTAFTER(A80, "("), ")") -> 2013 | J80: =IF(C80<>"", C80, IF(C80="", _xlfn.TEXTAFTER(A80,"https://doi.org/"), C80)) -> 10.3389/fnhum.2013.00424 | K80: =TRIM(_xlfn.TEXTJOIN("_",FALSE,F80,(SUBSTITUTE(SUBSTITUTE(D80," ",""), "_", "")))) -> Lewitus_etal_2013_TableS2partial | L80: =IF(ISBLANK(C80),TRIM(SUBSTITUTE(SUBSTITUTE(SUBSTITUTE(_xlfn.TEXTJOIN("_", FALSE, J80, SUBSTITUTE(D80,"_", "")), "/", "%2F"), ":", "%3A"), " ", "")),TRIM(SUBSTITUTE(SUBSTITUTE(SUBSTITUTE(_xlfn.TEXTJOIN("_", FALSE, C80, SUBSTITUTE(D80,"_", "")), "/", "%2F"), ":", "%3A"), " ", ""))) -> 10.3389%2Ffnhum.2013.00424_TableS2partial | M80: {=IFERROR(INDEX(FileList!$A$1:$A$100, MATCH(L80, _xlfn.TEXTBEFORE(FileList!$A$1:$A$100, ".tsv"), 0)), "notfound")} -> 10.3389%2Ffnhum.2013.00424_TableS2partial.tsv | Q80: already there | AA80: L
A81: Lewitus, E., Kelava, I., Kalinka, A. T., Tomancak, P., & Huttner, W. B. (2014). An adaptive threshold in mammalian neocortical evolution. PLoS Biol, 12(11), e1002000. https://doi.org/10.1371/journal.pbio.1002000 | D81: Table S1 | E81: =RIGHT(A81,1) -> 0 | F81: =G81 & IF(H81<>"", "_" & H81, "_") & IF(I81<>"", "_" & I81, "_") & IF(B81<>"", "_" & B81, "") -> Lewitus_etal_2014 | G81: =SUBSTITUTE(SUBSTITUTE(_xlfn.TEXTBEFORE(A81,","), "-", ""), " ", "") -> Lewitus | H81: =IF(ISNUMBER(FIND("&", A81)), IF(LEN(A81)-LEN(SUBSTITUTE(A81, ",", ""))>=6, "etal", MID(A81, SEARCH("& ", A81)+2, SEARCH(",", A81, SEARCH("& ", A81)+2) - SEARCH("& ", A81)-2)), "" ) -> etal | I81: =_xlfn.TEXTBEFORE(_xlfn.TEXTAFTER(A81, "("), ")") -> 2014 | J81: =IF(C81<>"", C81, IF(C81="", _xlfn.TEXTAFTER(A81,"https://doi.org/"), C81)) -> 10.1371/journal.pbio.1002000 | K81: =TRIM(_xlfn.TEXTJOIN("_",FALSE,F81,(SUBSTITUTE(SUBSTITUTE(D81," ",""), "_", "")))) -> Lewitus_etal_2014_TableS1 | L81: =IF(ISBLANK(C81),TRIM(SUBSTITUTE(SUBSTITUTE(SUBSTITUTE(_xlfn.TEXTJOIN("_", FALSE, J81, SUBSTITUTE(D81,"_", "")), "/", "%2F"), ":", "%3A"), " ", "")),TRIM(SUBSTITUTE(SUBSTITUTE(SUBSTITUTE(_xlfn.TEXTJOIN("_", FALSE, C81, SUBSTITUTE(D81,"_", "")), "/", "%2F"), ":", "%3A"), " ", ""))) -> 10.1371%2Fjournal.pbio.1002000_TableS1 | M81: {=IFERROR(INDEX(FileList!$A$1:$A$100, MATCH(L81, _xlfn.TEXTBEFORE(FileList!$A$1:$A$100, ".tsv"), 0)), "notfound")} -> 10.1371%2Fjournal.pbio.1002000_TableS1.tsv | N81: Table S1 Physiological and life-history variables | Q81: already there | AA81: L
A82: Lewitus, E., Kelava, I., Kalinka, A. T., Tomancak, P., & Huttner, W. B. (2014). An adaptive threshold in mammalian neocortical evolution. PLoS Biol, 12(11), e1002000. https://doi.org/10.1371/journal.pbio.1002000 | D82: Table S8 | E82: =RIGHT(A82,1) -> 0 | F82: =G82 & IF(H82<>"", "_" & H82, "_") & IF(I82<>"", "_" & I82, "_") & IF(B82<>"", "_" & B82, "") -> Lewitus_etal_2014 | G82: =SUBSTITUTE(SUBSTITUTE(_xlfn.TEXTBEFORE(A82,","), "-", ""), " ", "") -> Lewitus | H82: =IF(ISNUMBER(FIND("&", A82)), IF(LEN(A82)-LEN(SUBSTITUTE(A82, ",", ""))>=6, "etal", MID(A82, SEARCH("& ", A82)+2, SEARCH(",", A82, SEARCH("& ", A82)+2) - SEARCH("& ", A82)-2)), "" ) -> etal | I82: =_xlfn.TEXTBEFORE(_xlfn.TEXTAFTER(A82, "("), ")") -> 2014 | J82: =IF(C82<>"", C82, IF(C82="", _xlfn.TEXTAFTER(A82,"https://doi.org/"), C82)) -> 10.1371/journal.pbio.1002000 | K82: =TRIM(_xlfn.TEXTJOIN("_",FALSE,F82,(SUBSTITUTE(SUBSTITUTE(D82," ",""), "_", "")))) -> Lewitus_etal_2014_TableS8 | L82: =IF(ISBLANK(C82),TRIM(SUBSTITUTE(SUBSTITUTE(SUBSTITUTE(_xlfn.TEXTJOIN("_", FALSE, J82, SUBSTITUTE(D82,"_", "")), "/", "%2F"), ":", "%3A"), " ", "")),TRIM(SUBSTITUTE(SUBSTITUTE(SUBSTITUTE(_xlfn.TEXTJOIN("_", FALSE, C82, SUBSTITUTE(D82,"_", "")), "/", "%2F"), ":", "%3A"), " ", ""))) -> 10.1371%2Fjournal.pbio.1002000_TableS8 | M82: {=IFERROR(INDEX(FileList!$A$1:$A$100, MATCH(L82, _xlfn.TEXTBEFORE(FileList!$A$1:$A$100, ".tsv"), 0)), "notfound")} -> 10.1371%2Fjournal.pbio.1002000_TableS8.tsv | N82: Table S8: Neocortical neuron number for Figure 3d | Q82: already there | AA82: L
A83: MacLarnon, A. (1996). The scaling of gross dimensions of the spinal cord in primates and other species. J Hum Evol, 30(1), 71-87. https://doi.org/10.1006/jhev.1996.0005 | D83: Table 1 | E83: =RIGHT(A83,1) -> 5 | F83: =G83 & IF(H83<>"", "_" & H83, "_") & IF(I83<>"", "_" & I83, "_") & IF(B83<>"", "_" & B83, "") -> MacLarnon__1996 | G83: =SUBSTITUTE(SUBSTITUTE(_xlfn.TEXTBEFORE(A83,","), "-", ""), " ", "") -> MacLarnon | H83: =IF(ISNUMBER(FIND("&", A83)), IF(LEN(A83)-LEN(SUBSTITUTE(A83, ",", ""))>=6, "etal", MID(A83, SEARCH("& ", A83)+2, SEARCH(",", A83, SEARCH("& ", A83)+2) - SEARCH("& ", A83)-2)), "" ) | I83: =_xlfn.TEXTBEFORE(_xlfn.TEXTAFTER(A83, "("), ")") -> 1996 | J83: =IF(C83<>"", C83, IF(C83="", _xlfn.TEXTAFTER(A83,"https://doi.org/"), C83)) -> 10.1006/jhev.1996.0005 | K83: =TRIM(_xlfn.TEXTJOIN("_",FALSE,F83,(SUBSTITUTE(SUBSTITUTE(D83," ",""), "_", "")))) -> MacLarnon__1996_Table1 | L83: =IF(ISBLANK(C83),TRIM(SUBSTITUTE(SUBSTITUTE(SUBSTITUTE(_xlfn.TEXTJOIN("_", FALSE, J83, SUBSTITUTE(D83,"_", "")), "/", "%2F"), ":", "%3A"), " ", "")),TRIM(SUBSTITUTE(SUBSTITUTE(SUBSTITUTE(_xlfn.TEXTJOIN("_", FALSE, C83, SUBSTITUTE(D83,"_", "")), "/", "%2F"), ":", "%3A"), " ", ""))) -> 10.1006%2Fjhev.1996.0005_Table1 | M83: {=IFERROR(INDEX(FileList!$A$1:$A$100, MATCH(L83, _xlfn.TEXTBEFORE(FileList!$A$1:$A$100, ".tsv"), 0)), "notfound")} -> 10.1006%2Fjhev.1996.0005_Table1.tsv | N83: Table 1 Data | P83: NOT STARTED
A84: ManyPrimates, Aguenounon, G., Allritz, M., Altschul, D., Ballesta, S., Beaud, A., Bohn, M., Bornbusch, S., Brandão, A., Brooks, J., Bugnyar, T., Burkart, J., Bustamante, L., Call, J., Canteloup, C., Cao, C., Caspar, K., da Silva, D., de Sousa, A., . . . Zablocki-Thomas, P. (2022). The Evolution of Primate Short-Term Memory. Animal Behavior and Cognition, 9(4), 428-516. https://doi.org/10.26451/abc.09.04.06.2022 | D84: data/species_predictors.xlsx | E84: =RIGHT(A84,1) -> 2 | F84: =G84 & IF(H84<>"", "_" & H84, "_") & IF(I84<>"", "_" & I84, "_") & IF(B84<>"", "_" & B84, "") -> ManyPrimates__2022 | G84: =SUBSTITUTE(SUBSTITUTE(_xlfn.TEXTBEFORE(A84,","), "-", ""), " ", "") -> ManyPrimates | H84: =IF(ISNUMBER(FIND("&", A84)), IF(LEN(A84)-LEN(SUBSTITUTE(A84, ",", ""))>=6, "etal", MID(A84, SEARCH("& ", A84)+2, SEARCH(",", A84, SEARCH("& ", A84)+2) - SEARCH("& ", A84)-2)), "" ) | I84: =_xlfn.TEXTBEFORE(_xlfn.TEXTAFTER(A84, "("), ")") -> 2022 | J84: =IF(C84<>"", C84, IF(C84="", _xlfn.TEXTAFTER(A84,"https://doi.org/"), C84)) -> 10.26451/abc.09.04.06.2022 | K84: =TRIM(_xlfn.TEXTJOIN("_",FALSE,F84,(SUBSTITUTE(SUBSTITUTE(D84," ",""), "_", "")))) -> ManyPrimates__2022_data/speciespredictors.xlsx | L84: =IF(ISBLANK(C84),TRIM(SUBSTITUTE(SUBSTITUTE(SUBSTITUTE(_xlfn.TEXTJOIN("_", FALSE, J84, SUBSTITUTE(D84,"_", "")), "/", "%2F"), ":", "%3A"), " ", "")),TRIM(SUBSTITUTE(SUBSTITUTE(SUBSTITUTE(_xlfn.TEXTJOIN("_", FALSE, C84, SUBSTITUTE(D84,"_", "")), "/", "%2F"), ":", "%3A"), " ", ""))) -> 10.26451%2Fabc.09.04.06.2022_data%2Fspeciespredictors.xlsx | M84: {=IFERROR(INDEX(FileList!$A$1:$A$100, MATCH(L84, _xlfn.TEXTBEFORE(FileList!$A$1:$A$100, ".tsv"), 0)), "notfound")} -> notfound | P84: need to record steps | Q84: NA | T84: =IF(S84="N", R84, "write file name") -> write file name | U84: xlsx | V84: table | W84: YES - download link | X84: https://github.com/ManyPrimates/mp1_short_term_memory/raw/master/data/species_predictors.xlsx | Y84: number of vocalizations | Z84: secondary | AC84: various secondary and primary data, e.g., ecology | AE84: primates
A85: Matano, S., Baron, G., Stephan, H., & Frahm, H. D. (1985). Volume comparisons in the cerebellar complex of primates. II. Cerebellar nuclei. Folia Primatol (Basel), 44(3-4), 182-203. https://doi.org/10.1159/000156212 | D85: Table1 | E85: =RIGHT(A85,1) -> 2 | F85: =G85 & IF(H85<>"", "_" & H85, "_") & IF(I85<>"", "_" & I85, "_") & IF(B85<>"", "_" & B85, "") -> Matano_etal_1985 | G85: =SUBSTITUTE(SUBSTITUTE(_xlfn.TEXTBEFORE(A85,","), "-", ""), " ", "") -> Matano | H85: =IF(ISNUMBER(FIND("&", A85)), IF(LEN(A85)-LEN(SUBSTITUTE(A85, ",", ""))>=6, "etal", MID(A85, SEARCH("& ", A85)+2, SEARCH(",", A85, SEARCH("& ", A85)+2) - SEARCH("& ", A85)-2)), "" ) -> etal | I85: =_xlfn.TEXTBEFORE(_xlfn.TEXTAFTER(A85, "("), ")") -> 1985 | J85: =IF(C85<>"", C85, IF(C85="", _xlfn.TEXTAFTER(A85,"https://doi.org/"), C85)) -> 10.1159/000156212 | K85: =TRIM(_xlfn.TEXTJOIN("_",FALSE,F85,(SUBSTITUTE(SUBSTITUTE(D85," ",""), "_", "")))) -> Matano_etal_1985_Table1 | L85: =IF(ISBLANK(C85),TRIM(SUBSTITUTE(SUBSTITUTE(SUBSTITUTE(_xlfn.TEXTJOIN("_", FALSE, J85, SUBSTITUTE(D85,"_", "")), "/", "%2F"), ":", "%3A"), " ", "")),TRIM(SUBSTITUTE(SUBSTITUTE(SUBSTITUTE(_xlfn.TEXTJOIN("_", FALSE, C85, SUBSTITUTE(D85,"_", "")), "/", "%2F"), ":", "%3A"), " ", ""))) -> 10.1159%2F000156212_Table1 | M85: {=IFERROR(INDEX(FileList!$A$1:$A$100, MATCH(L85, _xlfn.TEXTBEFORE(FileList!$A$1:$A$100, ".tsv"), 0)), "notfound")} -> notfound | N85: Cerebellar complex II. Cerebellar nuclei (Table 1) | V85: table | Y85: cerebellar nuclei volume | Z85: primary | AA85: Stephan | AB85: volumetry
A86: Mota, B., & Herculano-Houzel, S. (2015). Cortical folding scales universally with surface area and thickness, not number of neurons. Science, 349(6243), 74-77. https://doi.org/10.1126/science.aaa9101 | D86: Table S1 | E86: =RIGHT(A86,1) -> 1 | F86: =G86 & IF(H86<>"", "_" & H86, "_") & IF(I86<>"", "_" & I86, "_") & IF(B86<>"", "_" & B86, "") -> Mota_etal_2015 | G86: =SUBSTITUTE(SUBSTITUTE(_xlfn.TEXTBEFORE(A86,","), "-", ""), " ", "") -> Mota | H86: =IF(ISNUMBER(FIND("&", A86)), IF(LEN(A86)-LEN(SUBSTITUTE(A86, ",", ""))>=6, "etal", MID(A86, SEARCH("& ", A86)+2, SEARCH(",", A86, SEARCH("& ", A86)+2) - SEARCH("& ", A86)-2)), "" ) -> etal | I86: =_xlfn.TEXTBEFORE(_xlfn.TEXTAFTER(A86, "("), ")") -> 2015 | J86: =IF(C86<>"", C86, IF(C86="", _xlfn.TEXTAFTER(A86,"https://doi.org/"), C86)) -> 10.1126/science.aaa9101 | K86: =TRIM(_xlfn.TEXTJOIN("_",FALSE,F86,(SUBSTITUTE(SUBSTITUTE(D86," ",""), "_", "")))) -> Mota_etal_2015_TableS1 | L86: =IF(ISBLANK(C86),TRIM(SUBSTITUTE(SUBSTITUTE(SUBSTITUTE(_xlfn.TEXTJOIN("_", FALSE, J86, SUBSTITUTE(D86,"_", "")), "/", "%2F"), ":", "%3A"), " ", "")),TRIM(SUBSTITUTE(SUBSTITUTE(SUBSTITUTE(_xlfn.TEXTJOIN("_", FALSE, C86, SUBSTITUTE(D86,"_", "")), "/", "%2F"), ":", "%3A"), " ", ""))) -> 10.1126%2Fscience.aaa9101_TableS1 | M86: {=IFERROR(INDEX(FileList!$A$1:$A$100, MATCH(L86, _xlfn.TEXTBEFORE(FileList!$A$1:$A$100, ".tsv"), 0)), "notfound")} -> 10.1126%2Fscience.aaa9101_TableS1.tsv | Q86: already there
A87: Mota, B., Dos Santos, S. E., Ventura-Antunes, L., Jardim-Messeder, D., Neves, K., Kazu, R. S., Noctor, S., Lambert, K., Bertelsen, M. F., Manger, P. R., Sherwood, C. C., Kaas, J. H., & Herculano-Houzel, S. (2019). White matter volume and white/gray matter ratio in mammalian species as a consequence of the universal scaling of cortical folding. Proc Natl Acad Sci U S A, 116(30), 15253-15261. https://doi.org/10.1073/pnas.1716956116 | D87: Supplementary Table S1 | E87: =RIGHT(A87,1) -> 6 | F87: =G87 & IF(H87<>"", "_" & H87, "_") & IF(I87<>"", "_" & I87, "_") & IF(B87<>"", "_" & B87, "") -> Mota_etal_2019 | G87: =SUBSTITUTE(SUBSTITUTE(_xlfn.TEXTBEFORE(A87,","), "-", ""), " ", "") -> Mota | H87: =IF(ISNUMBER(FIND("&", A87)), IF(LEN(A87)-LEN(SUBSTITUTE(A87, ",", ""))>=6, "etal", MID(A87, SEARCH("& ", A87)+2, SEARCH(",", A87, SEARCH("& ", A87)+2) - SEARCH("& ", A87)-2)), "" ) -> etal | I87: =_xlfn.TEXTBEFORE(_xlfn.TEXTAFTER(A87, "("), ")") -> 2019 | J87: =IF(C87<>"", C87, IF(C87="", _xlfn.TEXTAFTER(A87,"https://doi.org/"), C87)) -> 10.1073/pnas.1716956116 | K87: =TRIM(_xlfn.TEXTJOIN("_",FALSE,F87,(SUBSTITUTE(SUBSTITUTE(D87," ",""), "_", "")))) -> Mota_etal_2019_SupplementaryTableS1 | L87: =IF(ISBLANK(C87),TRIM(SUBSTITUTE(SUBSTITUTE(SUBSTITUTE(_xlfn.TEXTJOIN("_", FALSE, J87, SUBSTITUTE(D87,"_", "")), "/", "%2F"), ":", "%3A"), " ", "")),TRIM(SUBSTITUTE(SUBSTITUTE(SUBSTITUTE(_xlfn.TEXTJOIN("_", FALSE, C87, SUBSTITUTE(D87,"_", "")), "/", "%2F"), ":", "%3A"), " ", ""))) -> 10.1073%2Fpnas.1716956116_SupplementaryTableS1 | M87: {=IFERROR(INDEX(FileList!$A$1:$A$100, MATCH(L87, _xlfn.TEXTBEFORE(FileList!$A$1:$A$100, ".tsv"), 0)), "notfound")} -> notfound | N87: Supplementary Table S1. Morphometrical and cell number data used in this study (“our dataset”). | P87: NOT STARTED | AC87: total and exposed cortical surface area
A88: Powell, L. E., Isler, K., & Barton, R. A. (2017). Re-evaluating the link between brain size and behavioural ecology in primates. Proc Biol Sci, 284(1865). https://doi.org/10.1098/rspb.2017.1765 | C88: 10.6084/m9.figshare.c.3899422.v1 | D88: Dataset 1 | E88: =RIGHT(A88,1) -> 5 | F88: =G88 & IF(H88<>"", "_" & H88, "_") & IF(I88<>"", "_" & I88, "_") & IF(B88<>"", "_" & B88, "") -> Powell_etal_2017 | G88: =SUBSTITUTE(SUBSTITUTE(_xlfn.TEXTBEFORE(A88,","), "-", ""), " ", "") -> Powell | H88: =IF(ISNUMBER(FIND("&", A88)), IF(LEN(A88)-LEN(SUBSTITUTE(A88, ",", ""))>=6, "etal", MID(A88, SEARCH("& ", A88)+2, SEARCH(",", A88, SEARCH("& ", A88)+2) - SEARCH("& ", A88)-2)), "" ) -> etal | I88: =_xlfn.TEXTBEFORE(_xlfn.TEXTAFTER(A88, "("), ")") -> 2017 | J88: =IF(C88<>"", C88, IF(C88="", _xlfn.TEXTAFTER(A88,"https://doi.org/"), C88)) -> 10.6084/m9.figshare.c.3899422.v1 | K88: =TRIM(_xlfn.TEXTJOIN("_",FALSE,F88,(SUBSTITUTE(SUBSTITUTE(D88," ",""), "_", "")))) -> Powell_etal_2017_Dataset1 | L88: =IF(ISBLANK(C88),TRIM(SUBSTITUTE(SUBSTITUTE(SUBSTITUTE(_xlfn.TEXTJOIN("_", FALSE, J88, SUBSTITUTE(D88,"_", "")), "/", "%2F"), ":", "%3A"), " ", "")),TRIM(SUBSTITUTE(SUBSTITUTE(SUBSTITUTE(_xlfn.TEXTJOIN("_", FALSE, C88, SUBSTITUTE(D88,"_", "")), "/", "%2F"), ":", "%3A"), " ", ""))) -> 10.6084%2Fm9.figshare.c.3899422.v1_Dataset1 | M88: {=IFERROR(INDEX(FileList!$A$1:$A$100, MATCH(L88, _xlfn.TEXTBEFORE(FileList!$A$1:$A$100, ".tsv"), 0)), "notfound")} -> 10.6084%2Fm9.figshare.c.3899422.v1_Dataset1.tsv | P88: NOT STARTED | Q88: NA | T88: =IF(S88="N", R88, "write file name") -> write file name | U88: xlsx | V88: table | W88: YES - download link | X88: https://figshare.com/ndownloader/files/9479092 | Y88: ecology | Z88: secondary | AC88: Brain and body size | AE88: primates
A89: Sherwood, C. C., Hof, P. R., Holloway, R. L., Semendeferi, K., Gannon, P. J., Frahm, H. D., & Zilles, K. (2005). Evolution of the brainstem orofacial motor system in primates: a comparative study of trigeminal, facial, and hypoglossal nuclei. J Hum Evol, 48(1), 45-84. https://doi.org/10.1016/j.jhevol.2004.10.003 | D89: Table1 | E89: =RIGHT(A89,1) -> 3 | F89: =G89 & IF(H89<>"", "_" & H89, "_") & IF(I89<>"", "_" & I89, "_") & IF(B89<>"", "_" & B89, "") -> Sherwood_etal_2005 | G89: =SUBSTITUTE(SUBSTITUTE(_xlfn.TEXTBEFORE(A89,","), "-", ""), " ", "") -> Sherwood | H89: =IF(ISNUMBER(FIND("&", A89)), IF(LEN(A89)-LEN(SUBSTITUTE(A89, ",", ""))>=6, "etal", MID(A89, SEARCH("& ", A89)+2, SEARCH(",", A89, SEARCH("& ", A89)+2) - SEARCH("& ", A89)-2)), "" ) -> etal | I89: =_xlfn.TEXTBEFORE(_xlfn.TEXTAFTER(A89, "("), ")") -> 2005 | J89: =IF(C89<>"", C89, IF(C89="", _xlfn.TEXTAFTER(A89,"https://doi.org/"), C89)) -> 10.1016/j.jhevol.2004.10.003 | K89: =TRIM(_xlfn.TEXTJOIN("_",FALSE,F89,(SUBSTITUTE(SUBSTITUTE(D89," ",""), "_", "")))) -> Sherwood_etal_2005_Table1 | L89: =IF(ISBLANK(C89),TRIM(SUBSTITUTE(SUBSTITUTE(SUBSTITUTE(_xlfn.TEXTJOIN("_", FALSE, J89, SUBSTITUTE(D89,"_", "")), "/", "%2F"), ":", "%3A"), " ", "")),TRIM(SUBSTITUTE(SUBSTITUTE(SUBSTITUTE(_xlfn.TEXTJOIN("_", FALSE, C89, SUBSTITUTE(D89,"_", "")), "/", "%2F"), ":", "%3A"), " ", ""))) -> 10.1016%2Fj.jhevol.2004.10.003_Table1 | M89: {=IFERROR(INDEX(FileList!$A$1:$A$100, MATCH(L89, _xlfn.TEXTBEFORE(FileList!$A$1:$A$100, ".tsv"), 0)), "notfound")} -> notfound | N89: Brainstem orofacial motor nuclei in primates (Table 1) | V89: table | Y89: brainstem motor nuclei volumes | Z89: primary | AA89: Stephan | AB89: volumetry
A90: Sherwood, C. C., Holloway, R. L., Erwin, J. M., Schleicher, A., Zilles, K., & Hof, P. R. (2004). Cortical orofacial motor representation in Old World Monkeys, great apes, and humans. I. Quantitative Analysis of Cytoarchitecture. Brain Behav Evol, 63(2), 61-81. https://doi.org/10.1159/000075672 | B90: I | D90: Table 4 | E90: =RIGHT(A90,1) -> 2 | F90: =G90 & IF(H90<>"", "_" & H90, "_") & IF(I90<>"", "_" & I90, "_") & IF(B90<>"", "_" & B90, "") -> Sherwood_etal_2004_I | G90: =SUBSTITUTE(SUBSTITUTE(_xlfn.TEXTBEFORE(A90,","), "-", ""), " ", "") -> Sherwood | H90: =IF(ISNUMBER(FIND("&", A90)), IF(LEN(A90)-LEN(SUBSTITUTE(A90, ",", ""))>=6, "etal", MID(A90, SEARCH("& ", A90)+2, SEARCH(",", A90, SEARCH("& ", A90)+2) - SEARCH("& ", A90)-2)), "" ) -> etal | I90: =_xlfn.TEXTBEFORE(_xlfn.TEXTAFTER(A90, "("), ")") -> 2004 | J90: =IF(C90<>"", C90, IF(C90="", _xlfn.TEXTAFTER(A90,"https://doi.org/"), C90)) -> 10.1159/000075672 | K90: =TRIM(_xlfn.TEXTJOIN("_",FALSE,F90,(SUBSTITUTE(SUBSTITUTE(D90," ",""), "_", "")))) -> Sherwood_etal_2004_I_Table4 | L90: =IF(ISBLANK(C90),TRIM(SUBSTITUTE(SUBSTITUTE(SUBSTITUTE(_xlfn.TEXTJOIN("_", FALSE, J90, SUBSTITUTE(D90,"_", "")), "/", "%2F"), ":", "%3A"), " ", "")),TRIM(SUBSTITUTE(SUBSTITUTE(SUBSTITUTE(_xlfn.TEXTJOIN("_", FALSE, C90, SUBSTITUTE(D90,"_", "")), "/", "%2F"), ":", "%3A"), " ", ""))) -> 10.1159%2F000075672_Table4 | M90: {=IFERROR(INDEX(FileList!$A$1:$A$100, MATCH(L90, _xlfn.TEXTBEFORE(FileList!$A$1:$A$100, ".tsv"), 0)), "notfound")} -> notfound | N90: Table 4. GLI values for each cortical layer | P90: need to record steps | Q90: NA | T90: =IF(S90="N", R90, "write file name") -> write file name | U90: pdf | V90: tables | Y90: GLI: laminar and profiles | Z90: primary | AE90: primates
A91: Sherwood, C. C., Holloway, R. L., Erwin, J. M., Schleicher, A., Zilles, K., & Hof, P. R. (2004). Cortical orofacial motor representation in Old World Monkeys, great apes, and humans. I. Quantitative Analysis of Cytoarchitecture. Brain Behav Evol, 63(2), 61-81. https://doi.org/10.1159/000075672 | B91: I | D91: Table 5 | E91: =RIGHT(A91,1) -> 2 | F91: =G91 & IF(H91<>"", "_" & H91, "_") & IF(I91<>"", "_" & I91, "_") & IF(B91<>"", "_" & B91, "") -> Sherwood_etal_2004_I | G91: =SUBSTITUTE(SUBSTITUTE(_xlfn.TEXTBEFORE(A91,","), "-", ""), " ", "") -> Sherwood | H91: =IF(ISNUMBER(FIND("&", A91)), IF(LEN(A91)-LEN(SUBSTITUTE(A91, ",", ""))>=6, "etal", MID(A91, SEARCH("& ", A91)+2, SEARCH(",", A91, SEARCH("& ", A91)+2) - SEARCH("& ", A91)-2)), "" ) -> etal | I91: =_xlfn.TEXTBEFORE(_xlfn.TEXTAFTER(A91, "("), ")") -> 2004 | J91: =IF(C91<>"", C91, IF(C91="", _xlfn.TEXTAFTER(A91,"https://doi.org/"), C91)) -> 10.1159/000075672 | K91: =TRIM(_xlfn.TEXTJOIN("_",FALSE,F91,(SUBSTITUTE(SUBSTITUTE(D91," ",""), "_", "")))) -> Sherwood_etal_2004_I_Table5 | L91: =IF(ISBLANK(C91),TRIM(SUBSTITUTE(SUBSTITUTE(SUBSTITUTE(_xlfn.TEXTJOIN("_", FALSE, J91, SUBSTITUTE(D91,"_", "")), "/", "%2F"), ":", "%3A"), " ", "")),TRIM(SUBSTITUTE(SUBSTITUTE(SUBSTITUTE(_xlfn.TEXTJOIN("_", FALSE, C91, SUBSTITUTE(D91,"_", "")), "/", "%2F"), ":", "%3A"), " ", ""))) -> 10.1159%2F000075672_Table5 | M91: {=IFERROR(INDEX(FileList!$A$1:$A$100, MATCH(L91, _xlfn.TEXTBEFORE(FileList!$A$1:$A$100, ".tsv"), 0)), "notfound")} -> notfound | N91: Table 5. Species mean values for 10 GLI profile feature vectors | P91: need to record steps | Q91: NA | T91: =IF(S91="N", R91, "write file name") -> write file name | U91: pdf | V91: tables | Y91: GLI: laminar and profiles | Z91: primary | AE91: primates
A92: Smaers, J. B., Gomez-Robles, A., Parks, A. N., & Sherwood, C. C. (2017). Exceptional Evolutionary Expansion of Prefrontal Cortex in Great Apes and Humans. Curr Biol, 27(5), 714-720. https://doi.org/10.1016/j.cub.2017.01.020 | D92: Table1 | E92: =RIGHT(A92,1) -> 0 | F92: =G92 & IF(H92<>"", "_" & H92, "_") & IF(I92<>"", "_" & I92, "_") & IF(B92<>"", "_" & B92, "") -> Smaers_etal_2017 | G92: =SUBSTITUTE(SUBSTITUTE(_xlfn.TEXTBEFORE(A92,","), "-", ""), " ", "") -> Smaers | H92: =IF(ISNUMBER(FIND("&", A92)), IF(LEN(A92)-LEN(SUBSTITUTE(A92, ",", ""))>=6, "etal", MID(A92, SEARCH("& ", A92)+2, SEARCH(",", A92, SEARCH("& ", A92)+2) - SEARCH("& ", A92)-2)), "" ) -> etal | I92: =_xlfn.TEXTBEFORE(_xlfn.TEXTAFTER(A92, "("), ")") -> 2017 | J92: =IF(C92<>"", C92, IF(C92="", _xlfn.TEXTAFTER(A92,"https://doi.org/"), C92)) -> 10.1016/j.cub.2017.01.020 | K92: =TRIM(_xlfn.TEXTJOIN("_",FALSE,F92,(SUBSTITUTE(SUBSTITUTE(D92," ",""), "_", "")))) -> Smaers_etal_2017_Table1 | L92: =IF(ISBLANK(C92),TRIM(SUBSTITUTE(SUBSTITUTE(SUBSTITUTE(_xlfn.TEXTJOIN("_", FALSE, J92, SUBSTITUTE(D92,"_", "")), "/", "%2F"), ":", "%3A"), " ", "")),TRIM(SUBSTITUTE(SUBSTITUTE(SUBSTITUTE(_xlfn.TEXTJOIN("_", FALSE, C92, SUBSTITUTE(D92,"_", "")), "/", "%2F"), ":", "%3A"), " ", ""))) -> 10.1016%2Fj.cub.2017.01.020_Table1 | M92: {=IFERROR(INDEX(FileList!$A$1:$A$100, MATCH(L92, _xlfn.TEXTBEFORE(FileList!$A$1:$A$100, ".tsv"), 0)), "notfound")} -> notfound | N92: Exceptional expansion of prefrontal cortex (Table 1) | V92: table | Y92: prefrontal cortex size | Z92: primary | AA92: Smaers | AB92: comparative/phylogenetic
A93: Smaers, J. B., Steele, J., Case, C. R., Cowper, A., Amunts, K., & Zilles, K. (2011). Primate prefrontal cortex evolution: human brains are the extreme of a lateralized ape trend. Brain Behav Evol, 77(2), 67-78. https://doi.org/10.1159/000323671 | D93: SupplementaryTable1 | E93: =RIGHT(A93,1) -> 1 | F93: =G93 & IF(H93<>"", "_" & H93, "_") & IF(I93<>"", "_" & I93, "_") & IF(B93<>"", "_" & B93, "") -> Smaers_etal_2011 | G93: =SUBSTITUTE(SUBSTITUTE(_xlfn.TEXTBEFORE(A93,","), "-", ""), " ", "") -> Smaers | H93: =IF(ISNUMBER(FIND("&", A93)), IF(LEN(A93)-LEN(SUBSTITUTE(A93, ",", ""))>=6, "etal", MID(A93, SEARCH("& ", A93)+2, SEARCH(",", A93, SEARCH("& ", A93)+2) - SEARCH("& ", A93)-2)), "" ) -> etal | I93: =_xlfn.TEXTBEFORE(_xlfn.TEXTAFTER(A93, "("), ")") -> 2011 | J93: =IF(C93<>"", C93, IF(C93="", _xlfn.TEXTAFTER(A93,"https://doi.org/"), C93)) -> 10.1159/000323671 | K93: =TRIM(_xlfn.TEXTJOIN("_",FALSE,F93,(SUBSTITUTE(SUBSTITUTE(D93," ",""), "_", "")))) -> Smaers_etal_2011_SupplementaryTable1 | L93: =IF(ISBLANK(C93),TRIM(SUBSTITUTE(SUBSTITUTE(SUBSTITUTE(_xlfn.TEXTJOIN("_", FALSE, J93, SUBSTITUTE(D93,"_", "")), "/", "%2F"), ":", "%3A"), " ", "")),TRIM(SUBSTITUTE(SUBSTITUTE(SUBSTITUTE(_xlfn.TEXTJOIN("_", FALSE, C93, SUBSTITUTE(D93,"_", "")), "/", "%2F"), ":", "%3A"), " ", ""))) -> 10.1159%2F000323671_SupplementaryTable1 | M93: {=IFERROR(INDEX(FileList!$A$1:$A$100, MATCH(L93, _xlfn.TEXTBEFORE(FileList!$A$1:$A$100, ".tsv"), 0)), "notfound")} -> 10.1159%2F000323671_SupplementaryTable1.tsv | Q93: already there
A94: Smaers, J. B., Steele, J., Case, C. R., Cowper, A., Amunts, K., & Zilles, K. (2011). Primate prefrontal cortex evolution: human brains are the extreme of a lateralized ape trend. Brain Behav Evol, 77(2), 67-78. https://doi.org/10.1159/000323671 | D94: SupplementaryTable2 | E94: =RIGHT(A94,1) -> 1 | F94: =G94 & IF(H94<>"", "_" & H94, "_") & IF(I94<>"", "_" & I94, "_") & IF(B94<>"", "_" & B94, "") -> Smaers_etal_2011 | G94: =SUBSTITUTE(SUBSTITUTE(_xlfn.TEXTBEFORE(A94,","), "-", ""), " ", "") -> Smaers | H94: =IF(ISNUMBER(FIND("&", A94)), IF(LEN(A94)-LEN(SUBSTITUTE(A94, ",", ""))>=6, "etal", MID(A94, SEARCH("& ", A94)+2, SEARCH(",", A94, SEARCH("& ", A94)+2) - SEARCH("& ", A94)-2)), "" ) -> etal | I94: =_xlfn.TEXTBEFORE(_xlfn.TEXTAFTER(A94, "("), ")") -> 2011 | J94: =IF(C94<>"", C94, IF(C94="", _xlfn.TEXTAFTER(A94,"https://doi.org/"), C94)) -> 10.1159/000323671 | K94: =TRIM(_xlfn.TEXTJOIN("_",FALSE,F94,(SUBSTITUTE(SUBSTITUTE(D94," ",""), "_", "")))) -> Smaers_etal_2011_SupplementaryTable2 | L94: =IF(ISBLANK(C94),TRIM(SUBSTITUTE(SUBSTITUTE(SUBSTITUTE(_xlfn.TEXTJOIN("_", FALSE, J94, SUBSTITUTE(D94,"_", "")), "/", "%2F"), ":", "%3A"), " ", "")),TRIM(SUBSTITUTE(SUBSTITUTE(SUBSTITUTE(_xlfn.TEXTJOIN("_", FALSE, C94, SUBSTITUTE(D94,"_", "")), "/", "%2F"), ":", "%3A"), " ", ""))) -> 10.1159%2F000323671_SupplementaryTable2 | M94: {=IFERROR(INDEX(FileList!$A$1:$A$100, MATCH(L94, _xlfn.TEXTBEFORE(FileList!$A$1:$A$100, ".tsv"), 0)), "notfound")} -> 10.1159%2F000323671_SupplementaryTable2.tsv | Q94: already there
A95: Stephan, H., Baron, G., & Frahm, H. D. (1982). Comparison of brain structure volumes in Insectivora and Primates. II. Accessory olfactory bulb (AOB). J Hirnforsch, 23(5), 575-591. https://www.ncbi.nlm.nih.gov/pubmed/7161483 | C95: PMID:7161483 | D95: Table 1 | E95: =RIGHT(A95,1) -> 3 | F95: =G95 & IF(H95<>"", "_" & H95, "_") & IF(I95<>"", "_" & I95, "_") & IF(B95<>"", "_" & B95, "") -> Stephan_etal_1982 | G95: =SUBSTITUTE(SUBSTITUTE(_xlfn.TEXTBEFORE(A95,","), "-", ""), " ", "") -> Stephan | H95: =IF(ISNUMBER(FIND("&", A95)), IF(LEN(A95)-LEN(SUBSTITUTE(A95, ",", ""))>=6, "etal", MID(A95, SEARCH("& ", A95)+2, SEARCH(",", A95, SEARCH("& ", A95)+2) - SEARCH("& ", A95)-2)), "" ) -> etal | I95: =_xlfn.TEXTBEFORE(_xlfn.TEXTAFTER(A95, "("), ")") -> 1982 | J95: =IF(C95<>"", C95, IF(C95="", _xlfn.TEXTAFTER(A95,"https://doi.org/"), C95)) -> PMID:7161483 | K95: =TRIM(_xlfn.TEXTJOIN("_",FALSE,F95,(SUBSTITUTE(SUBSTITUTE(D95," ",""), "_", "")))) -> Stephan_etal_1982_Table1 | L95: =IF(ISBLANK(C95),TRIM(SUBSTITUTE(SUBSTITUTE(SUBSTITUTE(_xlfn.TEXTJOIN("_", FALSE, J95, SUBSTITUTE(D95,"_", "")), "/", "%2F"), ":", "%3A"), " ", "")),TRIM(SUBSTITUTE(SUBSTITUTE(SUBSTITUTE(_xlfn.TEXTJOIN("_", FALSE, C95, SUBSTITUTE(D95,"_", "")), "/", "%2F"), ":", "%3A"), " ", ""))) -> PMID%3A7161483_Table1 | M95: {=IFERROR(INDEX(FileList!$A$1:$A$100, MATCH(L95, _xlfn.TEXTBEFORE(FileList!$A$1:$A$100, ".tsv"), 0)), "notfound")} -> notfound | N95: Table 1. Data on AOB and its three measured components in the 61 species. All volumes (columns 2 and 7-9) are in mm3. | V95: table | W95: NO - not digitized | Y95: accessory olfactory bulb volume | Z95: primary | AA95: Stephan | AB95: volumetry
A96: Stephan, H., Frahm, H. D., & Baron, G. (1984). Comparison of brain structure volumes in insectivora and primates. IV. Non-cortical visual structures. J Hirnforsch, 25(4), 385-403. https://www.ncbi.nlm.nih.gov/pubmed/6481154 | C96: PMID:6481154 | D96: Table 1 | E96: =RIGHT(A96,1) -> 4 | F96: =G96 & IF(H96<>"", "_" & H96, "_") & IF(I96<>"", "_" & I96, "_") & IF(B96<>"", "_" & B96, "") -> Stephan_etal_1984 | G96: =SUBSTITUTE(SUBSTITUTE(_xlfn.TEXTBEFORE(A96,","), "-", ""), " ", "") -> Stephan | H96: =IF(ISNUMBER(FIND("&", A96)), IF(LEN(A96)-LEN(SUBSTITUTE(A96, ",", ""))>=6, "etal", MID(A96, SEARCH("& ", A96)+2, SEARCH(",", A96, SEARCH("& ", A96)+2) - SEARCH("& ", A96)-2)), "" ) -> etal | I96: =_xlfn.TEXTBEFORE(_xlfn.TEXTAFTER(A96, "("), ")") -> 1984 | J96: =IF(C96<>"", C96, IF(C96="", _xlfn.TEXTAFTER(A96,"https://doi.org/"), C96)) -> PMID:6481154 | K96: =TRIM(_xlfn.TEXTJOIN("_",FALSE,F96,(SUBSTITUTE(SUBSTITUTE(D96," ",""), "_", "")))) -> Stephan_etal_1984_Table1 | L96: =IF(ISBLANK(C96),TRIM(SUBSTITUTE(SUBSTITUTE(SUBSTITUTE(_xlfn.TEXTJOIN("_", FALSE, J96, SUBSTITUTE(D96,"_", "")), "/", "%2F"), ":", "%3A"), " ", "")),TRIM(SUBSTITUTE(SUBSTITUTE(SUBSTITUTE(_xlfn.TEXTJOIN("_", FALSE, C96, SUBSTITUTE(D96,"_", "")), "/", "%2F"), ":", "%3A"), " ", ""))) -> PMID%3A6481154_Table1 | M96: {=IFERROR(INDEX(FileList!$A$1:$A$100, MATCH(L96, _xlfn.TEXTBEFORE(FileList!$A$1:$A$100, ".tsv"), 0)), "notfound")} -> notfound | N96: Table 1. Data on half surface of eyes (HSE), cross-sectional areas of nervus opticus (NOA), and the dorsal lateral geniculate body (CGL). | V96: table | W96: NO - not digitized | Y96: non-cortical visual structure volumes | Z96: primary | AA96: Stephan | AB96: volumetry
A97: Stephan, H., Frahm, H. D., & Baron, G. (1987). Comparison of brain structure volumes in Insectivora and primates. VII. Amygdaloid components. J Hirnforsch, 28(5), 571-584. https://www.ncbi.nlm.nih.gov/pubmed/3693895 | C97: PMID:3693895 | D97: Table1 | E97: =RIGHT(A97,1) -> 5 | F97: =G97 & IF(H97<>"", "_" & H97, "_") & IF(I97<>"", "_" & I97, "_") & IF(B97<>"", "_" & B97, "") -> Stephan_etal_1987 | G97: =SUBSTITUTE(SUBSTITUTE(_xlfn.TEXTBEFORE(A97,","), "-", ""), " ", "") -> Stephan | H97: =IF(ISNUMBER(FIND("&", A97)), IF(LEN(A97)-LEN(SUBSTITUTE(A97, ",", ""))>=6, "etal", MID(A97, SEARCH("& ", A97)+2, SEARCH(",", A97, SEARCH("& ", A97)+2) - SEARCH("& ", A97)-2)), "" ) -> etal | I97: =_xlfn.TEXTBEFORE(_xlfn.TEXTAFTER(A97, "("), ")") -> 1987 | J97: =IF(C97<>"", C97, IF(C97="", _xlfn.TEXTAFTER(A97,"https://doi.org/"), C97)) -> PMID:3693895 | K97: =TRIM(_xlfn.TEXTJOIN("_",FALSE,F97,(SUBSTITUTE(SUBSTITUTE(D97," ",""), "_", "")))) -> Stephan_etal_1987_Table1 | L97: =IF(ISBLANK(C97),TRIM(SUBSTITUTE(SUBSTITUTE(SUBSTITUTE(_xlfn.TEXTJOIN("_", FALSE, J97, SUBSTITUTE(D97,"_", "")), "/", "%2F"), ":", "%3A"), " ", "")),TRIM(SUBSTITUTE(SUBSTITUTE(SUBSTITUTE(_xlfn.TEXTJOIN("_", FALSE, C97, SUBSTITUTE(D97,"_", "")), "/", "%2F"), ":", "%3A"), " ", ""))) -> PMID%3A3693895_Table1 | M97: {=IFERROR(INDEX(FileList!$A$1:$A$100, MATCH(L97, _xlfn.TEXTBEFORE(FileList!$A$1:$A$100, ".tsv"), 0)), "notfound")} -> notfound | N97: ...VII. Amygdaloid components (Table 1) | V97: table | W97: NO - not digitized | Y97: amygdaloid component volumes | Z97: primary | AA97: Stephan | AB97: volumetry
A98: Stephan, H., Frahm, H., & Baron, G. (1981). New and revised data on volumes of brain structures in insectivores and primates. Folia Primatol (Basel), 35(1), 1-29. https://doi.org/10.1159/000155963 | D98: Table1 | E98: =RIGHT(A98,1) -> 3 | F98: =G98 & IF(H98<>"", "_" & H98, "_") & IF(I98<>"", "_" & I98, "_") & IF(B98<>"", "_" & B98, "") -> Stephan_etal_1981 | G98: =SUBSTITUTE(SUBSTITUTE(_xlfn.TEXTBEFORE(A98,","), "-", ""), " ", "") -> Stephan | H98: =IF(ISNUMBER(FIND("&", A98)), IF(LEN(A98)-LEN(SUBSTITUTE(A98, ",", ""))>=6, "etal", MID(A98, SEARCH("& ", A98)+2, SEARCH(",", A98, SEARCH("& ", A98)+2) - SEARCH("& ", A98)-2)), "" ) -> etal | I98: =_xlfn.TEXTBEFORE(_xlfn.TEXTAFTER(A98, "("), ")") -> 1981 | J98: =IF(C98<>"", C98, IF(C98="", _xlfn.TEXTAFTER(A98,"https://doi.org/"), C98)) -> 10.1159/000155963 | K98: =TRIM(_xlfn.TEXTJOIN("_",FALSE,F98,(SUBSTITUTE(SUBSTITUTE(D98," ",""), "_", "")))) -> Stephan_etal_1981_Table1 | L98: =IF(ISBLANK(C98),TRIM(SUBSTITUTE(SUBSTITUTE(SUBSTITUTE(_xlfn.TEXTJOIN("_", FALSE, J98, SUBSTITUTE(D98,"_", "")), "/", "%2F"), ":", "%3A"), " ", "")),TRIM(SUBSTITUTE(SUBSTITUTE(SUBSTITUTE(_xlfn.TEXTJOIN("_", FALSE, C98, SUBSTITUTE(D98,"_", "")), "/", "%2F"), ":", "%3A"), " ", ""))) -> 10.1159%2F000155963_Table1 | M98: {=IFERROR(INDEX(FileList!$A$1:$A$100, MATCH(L98, _xlfn.TEXTBEFORE(FileList!$A$1:$A$100, ".tsv"), 0)), "notfound")} -> notfound | N98: New and revised data on volumes of brain structures (Table 1) | V98: table | Y98: brain structure volumes | Z98: primary | AA98: Stephan | AB98: volumetry
A99: Turner, E. C., Young, N. A., Reed, J. L., Collins, C. E., Flaherty, D. K., Gabi, M., & Kaas, J. H. (2016). Distributions of cells and neurons across the cortical sheet in old world macaques. Brain Behav Evol, 88(1), 1-13. https://doi.org/10.1159/000446762 | D99: Table 1 | E99: =RIGHT(A99,1) -> 2 | F99: =G99 & IF(H99<>"", "_" & H99, "_") & IF(I99<>"", "_" & I99, "_") & IF(B99<>"", "_" & B99, "") -> Turner_etal_2016 | G99: =SUBSTITUTE(SUBSTITUTE(_xlfn.TEXTBEFORE(A99,","), "-", ""), " ", "") -> Turner | H99: =IF(ISNUMBER(FIND("&", A99)), IF(LEN(A99)-LEN(SUBSTITUTE(A99, ",", ""))>=6, "etal", MID(A99, SEARCH("& ", A99)+2, SEARCH(",", A99, SEARCH("& ", A99)+2) - SEARCH("& ", A99)-2)), "" ) -> etal | I99: =_xlfn.TEXTBEFORE(_xlfn.TEXTAFTER(A99, "("), ")") -> 2016 | J99: =IF(C99<>"", C99, IF(C99="", _xlfn.TEXTAFTER(A99,"https://doi.org/"), C99)) -> 10.1159/000446762 | K99: =TRIM(_xlfn.TEXTJOIN("_",FALSE,F99,(SUBSTITUTE(SUBSTITUTE(D99," ",""), "_", "")))) -> Turner_etal_2016_Table1 | L99: =IF(ISBLANK(C99),TRIM(SUBSTITUTE(SUBSTITUTE(SUBSTITUTE(_xlfn.TEXTJOIN("_", FALSE, J99, SUBSTITUTE(D99,"_", "")), "/", "%2F"), ":", "%3A"), " ", "")),TRIM(SUBSTITUTE(SUBSTITUTE(SUBSTITUTE(_xlfn.TEXTJOIN("_", FALSE, C99, SUBSTITUTE(D99,"_", "")), "/", "%2F"), ":", "%3A"), " ", ""))) -> 10.1159%2F000446762_Table1 | M99: {=IFERROR(INDEX(FileList!$A$1:$A$100, MATCH(L99, _xlfn.TEXTBEFORE(FileList!$A$1:$A$100, ".tsv"), 0)), "notfound")} -> notfound | N99: Table 1. Summary of experimental cases | Y99: Brain surface total area
A100: Wilman, H., Belmaker, J., Simpson, J., de la Rosa, C., Rivadeneira, M. M., & Jetz, W. (2014). EltonTraits 1.0: Species‐level foraging attributes of the world's birds and mammals. Ecology, 95(7), 2027-2027. https://doi.org/10.1890/13-1917.1 | D100: MamFuncDat.txt | E100: =RIGHT(A100,1) -> 1 | F100: =G100 & IF(H100<>"", "_" & H100, "_") & IF(I100<>"", "_" & I100, "_") & IF(B100<>"", "_" & B100, "") -> Wilman_etal_2014 | G100: =SUBSTITUTE(SUBSTITUTE(_xlfn.TEXTBEFORE(A100,","), "-", ""), " ", "") -> Wilman | H100: =IF(ISNUMBER(FIND("&", A100)), IF(LEN(A100)-LEN(SUBSTITUTE(A100, ",", ""))>=6, "etal", MID(A100, SEARCH("& ", A100)+2, SEARCH(",", A100, SEARCH("& ", A100)+2) - SEARCH("& ", A100)-2)), "" ) -> etal | I100: =_xlfn.TEXTBEFORE(_xlfn.TEXTAFTER(A100, "("), ")") -> 2014 | J100: =IF(C100<>"", C100, IF(C100="", _xlfn.TEXTAFTER(A100,"https://doi.org/"), C100)) -> 10.1890/13-1917.1 | K100: =TRIM(_xlfn.TEXTJOIN("_",FALSE,F100,(SUBSTITUTE(SUBSTITUTE(D100," ",""), "_", "")))) -> Wilman_etal_2014_MamFuncDat.txt | L100: =IF(ISBLANK(C100),TRIM(SUBSTITUTE(SUBSTITUTE(SUBSTITUTE(_xlfn.TEXTJOIN("_", FALSE, J100, SUBSTITUTE(D100,"_", "")), "/", "%2F"), ":", "%3A"), " ", "")),TRIM(SUBSTITUTE(SUBSTITUTE(SUBSTITUTE(_xlfn.TEXTJOIN("_", FALSE, C100, SUBSTITUTE(D100,"_", "")), "/", "%2F"), ":", "%3A"), " ", ""))) -> 10.1890%2F13-1917.1_MamFuncDat.txt | M100: {=IFERROR(INDEX(FileList!$A$1:$A$100, MATCH(L100, _xlfn.TEXTBEFORE(FileList!$A$1:$A$100, ".tsv"), 0)), "notfound")} -> notfound
...

Sheet Pipeline
A1: Flexible Data Wrangling Pipeline:
A2: Source
A3: --> Snapshot | B3: Digitized in original layout for comparison to source. R readable, e.g., Excel or CSV. All further changes in R code. Save a reference hardcopy file even if it can be accessed through URL.
A4: --> Data readable | B4: use csv, so that there is no data content that could be lost due layout changes. For example, copy information from merged cells into individual cells
A5: --> Transpose | B5: first column should have original species information.
A6: --> Variables | B6: add a new header row. variable name should be made compatible with different datasets across different species. (save old header row at bottom?)
A7: --> Species update | B7: if there are typos or shorthand species names used, can update based on heading, note, text
A8: --> Species note | B8: add a column to include any additional information about the species from the table legend, paper text, personal communication, etc
A9: --> Species correction | B9: add a column to correct any errors in species designations (e.g., misidentified or combined different species of same genus)
A10: --> Corrections | B10: correction after erratum or other note. Indicate reason for correction.
A11: --> Species final update | B11: add a column with (NCBI?) species names, scientific binomial, to match across databases
A12: --> Online database | B12: save as tsv with DOI plus item for file name
A13: Question: the tables will be matched by a column, currently "Species". Should this be renamed something more unique like "Species_NCBI_EvoGen"?

Sheet Conflicts
A1: When combining datasets, provide metadata in the files "definitions" and deal with any conflicting values by preffering values following to the order below
C2: implementation
A3: 1 | B3: Revised paper (or datum) if the team explicitly said values have been improved. Provide a flag and a reference in Metadata | C3: Flag worse value in and filter
A4: 2 | B4: Method and/or lab with the highest number of mammalian species represented (ANY mammals not just the focal ones) | C4: this may need to be done manually
A5: 3 | B5: Paper with the highest number of mammalian species represented (ANY mammals not just the focal ones) | C5: Species N
A6: 4 | B6: Paper with the most recent publication date | C6: Ref last

Sheet FileList
A1: 10.1002%2Fcne.24605_TABLE1.tsv
A2: 10.1002%2Fcne.24605_TABLE2.tsv
A3: 10.1002%2Fcne.24985_TABLE1.tsv
A4: 10.1002%2Fcne.24985_TABLE2.tsv
A5: 10.1002%2Fcne.25669_TABLE1.tsv
A6: 10.1002%2Fcne.70089_TABLE1.tsv
A7: 10.1006%2Fjhev.1996.0005_Table1.tsv
A8: 10.1007%2Fs004220000205_Figure3.tsv
A9: 10.1016%2Fj.jhevol.2008.08.004_Table2.tsv
A10: 10.1016%2Fj.jhevol.2008.08.004_Table7.tsv
A11: 10.1016%2Fj.jhevol.2008.08.004_TableS1.tsv
A12: 10.1016%2Fj.jhevol.2008.08.004_TableS2.tsv
... A52: 10.7554%2FeLife.77875_Table1.tsv
