Workbook

Sheet bush_data.txt
A1: Genus Species | B1: Cer White | C1: Cer Gray | D1: Neo White | E1: Neo Grey | F1: V1G | G1: LGN | H1: V1surf | I1: Hmerid | J1: Wb | K1: NeoW | L1: NeoG
A2: Hylobates lar | B2: 2.93 | C2: 12.8 | D2: 21.9 | E2: 45.1 | F2: 4.4 | G2: 0.15 | H2: 30.1 | I2: 11.66 | J2: 101.28 | K2: 20.5 | L2: 45.12
A3: Pan troglodytes | B3: 8.63 | C3: 36.1 | D3: 104 | E3: 163 | F3: 11.03 | G3: 0.29 | H3: 65.24 | I3: 18.28 | J3: 364.14 | K3: 103.77 | L3: 163.18
A4: Homo sapiens | F4: 16.14 | G4: 0.37 | J4: 1251.85 | K4: 422.48 | L4: 555.36
A5: Cercocebus torquatus | B5: 1.96 | C5: 4.47 | D5: 40.4 | E5: 47.9 | F5: 5.12 | G5: 0.2 | J5: 117.08 | K5: 40.36 | L5: 47.92
A6: Cercopithecus nictitans | B6: 0.965 | C6: 3.84 | D6: 11.8 | E6: 36 | F6: 4.14 | G6: 0.12 | J6: 64.74 | K6: 11.81 | L6: 35.99
A7: Macaca mulatta | B7: 1.38 | C7: 3.68 | D7: 16.4 | E7: 30.5 | F7: 3.26 | H7: 22.18 | I7: 10.02 | J7: 65.76 | K7: 16.35 | L7: 30.54
A8: Mandrillus sphinx | B8: 1.89 | C8: 7.16 | D8: 27.9 | E8: 71.3
A9: Papio hamadryas | B9: 2.98 | C9: 9.14 | D9: 37.1 | E9: 71.4 | F9: 7.7 | G9: 0.22 | J9: 159.11 | K9: 39.68 | L9: 79.1
A10: Semnopithecus entellus | B10: 2.27 | C10: 9.15 | D10: 24.3 | E10: 51.8 | F10: 4.32 | G10: 0.14 | H10: 28.98 | I10: 9.91 | J10: 107.54 | K10: 24.26 | L10: 51.85
A11: Alouatta palliata | B11: 1.05 | C11: 3.32 | D11: 11.6 | E11: 17.4 | F11: 1.86 | G11: 0.09 | H11: 12.81 | I11: 8.43 | J11: 43.52 | K11: 11.41 | L11: 17.15
A12: Aotus trivirgatus | B12: 0.174 | C12: 0.753 | D12: 1.49 | E12: 4.32 | F12: 0.63 | H12: 4.69 | I12: 4.8 | J12: 11.42 | K12: 1.74 | L12: 5.23
A13: Ateles sp. | B13: 1.68 | C13: 5.97 | D13: 17.7 | E13: 28.9 | F13: 3.13 | G13: 0.12 | H13: 23.27 | I13: 10.2 | J13: 72.41 | K13: 17.95 | L13: 30.93
A14: Callicebus sp. | B14: 0.249 | C14: 0.833 | D14: 1.94 | E14: 5.12 | F14: 0.84 | G14: 0.03 | H14: 6.79 | I14: 5.54 | J14: 11.9 | K14: 1.94 | L14: 5.12
A15: Saimiri sciureus | B15: 0.393 | C15: 1.49 | D15: 3.7 | E15: 10.4 | F15: 1.43 | J15: 21.22 | K15: 3.7 | L15: 10.44
A16: Tarsius syricta | B16: 0.0473 | C16: 0.247 | D16: 0.151 | E16: 1.47 | F16: 0.28 | G16: 0.02 | J16: 3.06 | K16: 0.15 | L16: 1.47
A17: Eulemur mongoz | B17: 0.486 | C17: 1.88 | D17: 3.83 | E17: 8.23 | F17: 1.06 | G17: 0.05 | H17: 8.66 | I17: 5.33 | J17: 22.24 | K17: 3.83 | L17: 8.2
A18: Galago senegalensis | B18: 0.0634 | C18: 0.354 | D18: 0.195 | E18: 1.2 | F18: 0.22 | G18: 0.01 | H18: 2.64 | I18: 2.82 | J18: 3.58 | K18: 0.23 | L18: 1.34
A19: Lemur catta | B19: 0.409 | C19: 2.27 | D19: 2.12 | E19: 8.96 | F19: 1.31 | G19: 0.06 | H19: 9.1 | I19: 5.29 | J19: 21 | K19: 2.12 | L19: 8.96
A20: Microcebus urinus | B20: 0.0331 | C20: 0.172 | D20: 0.0976 | E20: 0.591 | F20: 0.11 | G20: 0.01 | H20: 1.55 | I20: 2.28 | J20: 1.65 | K20: 0.1 | L20: 0.59
A21: Nycticebus coucang | B21: 0.196 | C21: 1.2 | D21: 1.07 | E21: 4.4 | F21: 0.58 | G21: 0.03 | J21: 11.27 | K21: 1.07 | L21: 4.4
A22: Otolemur crassicaudatus | B22: 0.127 | C22: 0.747 | D22: 0.572 | E22: 3.1 | F22: 0.45 | G22: 0.02 | H22: 4.31 | I22: 4.21 | J22: 7.11 | K22: 0.57 | L22: 3.1
A23: Perodicticus potto | B23: 0.183 | C23: 1.14 | D23: 0.638 | E23: 3.91 | F23: 0.33 | G23: 0.02 | H23: 3.16 | I23: 3.25 | J23: 10.16 | K23: 0.64 | L23: 3.91
A24: Propithecus verreauxi | F24: 1.57 | G24: 0.07 | J24: 25.19 | K24: 2.35 | L24: 9.84

Sheet 1logged
A1: Genus Species | B1: ='bush_data.txt'!B1 -> Cer White | C1: ='bush_data.txt'!C1 -> Cer Gray | D1: ='bush_data.txt'!D1 -> Neo White | E1: ='bush_data.txt'!E1 -> Neo Grey | F1: ='bush_data.txt'!F1 -> V1G | G1: ='bush_data.txt'!G1 -> LGN | H1: ='bush_data.txt'!H1 -> V1surf | I1: ='bush_data.txt'!I1 -> Hmerid | J1: ='bush_data.txt'!J1 -> Wb | K1: NeoW | L1: ='bush_data.txt'!L1 -> NeoG
A2: Hylobates lar | B2: =LOG('bush_data.txt'!B2) -> 0.46686762 | C2: =LOG('bush_data.txt'!C2) -> 1.10721 | D2: =LOG('bush_data.txt'!D2) -> 1.3404441 | E2: =LOG('bush_data.txt'!E2) -> 1.6541765 | F2: =LOG('bush_data.txt'!F2) -> 0.64345268 | G2: =LOG('bush_data.txt'!G2) -> -0.82390874 | H2: =LOG('bush_data.txt'!H2) -> 1.4785665 | I2: =LOG('bush_data.txt'!I2) -> 1.0666986 | ... L2: =LOG('bush_data.txt'!L2) -> 1.6543691
A3: Pan troglodytes | B3: =LOG('bush_data.txt'!B3) -> 0.9360108 | C3: =LOG('bush_data.txt'!C3) -> 1.5575072 | D3: =LOG('bush_data.txt'!D3) -> 2.0170333 | E3: =LOG('bush_data.txt'!E3) -> 2.2121876 | F3: =LOG('bush_data.txt'!F3) -> 1.0425755 | G3: =LOG('bush_data.txt'!G3) -> -0.537602 | H3: =LOG('bush_data.txt'!H3) -> 1.814514 | I3: =LOG('bush_data.txt'!I3) -> 1.2619762 | ... L3: =LOG('bush_data.txt'!L3) -> 2.2126669
A4: Homo sapiens | F4: =LOG('bush_data.txt'!F4) -> 1.2079035 | G4: =LOG('bush_data.txt'!G4) -> -0.43179828 | J4: =LOG('bush_data.txt'!J4) -> 3.0975523 | K4: =LOG('bush_data.txt'!K4) -> 2.6258062 | L4: =LOG('bush_data.txt'!L4) -> 2.7445746
A5: Cercocebus torquatus | B5: =LOG('bush_data.txt'!B5) -> 0.29225607 | C5: =LOG('bush_data.txt'!C5) -> 0.65030752 | D5: =LOG('bush_data.txt'!D5) -> 1.6063814 | E5: =LOG('bush_data.txt'!E5) -> 1.6803355 | F5: =LOG('bush_data.txt'!F5) -> 0.70926996 | G5: =LOG('bush_data.txt'!G5) -> -0.69897 | J5: =LOG('bush_data.txt'!J5) -> 2.0684827 | K5: =LOG('bush_data.txt'!K5) -> 1.6059512 | L5: =LOG('bush_data.txt'!L5) -> 1.6805168
A6: Cercopithecus nictitans | B6: =LOG('bush_data.txt'!B6) -> -0.015472687 | C6: =LOG('bush_data.txt'!C6) -> 0.58433122 | D6: =LOG('bush_data.txt'!D6) -> 1.071882 | E6: =LOG('bush_data.txt'!E6) -> 1.5563025 | F6: =LOG('bush_data.txt'!F6) -> 0.61700034 | G6: =LOG('bush_data.txt'!G6) -> -0.92081875 | J6: =LOG('bush_data.txt'!J6) -> 1.8111727 | K6: =LOG('bush_data.txt'!K6) -> 1.0722499 | L6: =LOG('bush_data.txt'!L6) -> 1.5561818
A7: Macaca mulatta | B7: =LOG('bush_data.txt'!B7) -> 0.13987909 | C7: =LOG('bush_data.txt'!C7) -> 0.56584782 | D7: =LOG('bush_data.txt'!D7) -> 1.2148438 | E7: =LOG('bush_data.txt'!E7) -> 1.4842998 | F7: =LOG('bush_data.txt'!F7) -> 0.5132176 | H7: =LOG('bush_data.txt'!H7) -> 1.3459615 | I7: =LOG('bush_data.txt'!I7) -> 1.0008677 | J7: =LOG('bush_data.txt'!J7) -> 1.8179618 | K7: =LOG('bush_data.txt'!K7) -> 1.2135178 | L7: =LOG('bush_data.txt'!L7) -> 1.484869
A8: Mandrillus sphinx | B8: =LOG('bush_data.txt'!B8) -> 0.2764618 | C8: =LOG('bush_data.txt'!C8) -> 0.85491302 | D8: =LOG('bush_data.txt'!D8) -> 1.4456042 | E8: =LOG('bush_data.txt'!E8) -> 1.8530895
A9: Papio hamadryas | B9: =LOG('bush_data.txt'!B9) -> 0.47421626 | C9: =LOG('bush_data.txt'!C9) -> 0.9609462 | D9: =LOG('bush_data.txt'!D9) -> 1.5693739 | E9: =LOG('bush_data.txt'!E9) -> 1.8536982 | F9: =LOG('bush_data.txt'!F9) -> 0.88649073 | G9: =LOG('bush_data.txt'!G9) -> -0.65757732 | J9: =LOG('bush_data.txt'!J9) -> 2.2016975 | K9: =LOG('bush_data.txt'!K9) -> 1.5985717 | L9: =LOG('bush_data.txt'!L9) -> 1.8981765
A10: Semnopithecus entellus | B10: =LOG('bush_data.txt'!B10) -> 0.35602586 | C10: =LOG('bush_data.txt'!C10) -> 0.96142109 | D10: =LOG('bush_data.txt'!D10) -> 1.3856063 | E10: =LOG('bush_data.txt'!E10) -> 1.7143298 | F10: =LOG('bush_data.txt'!F10) -> 0.63548375 | G10: =LOG('bush_data.txt'!G10) -> -0.85387196 | H10: =LOG('bush_data.txt'!H10) -> 1.4620984 | I10: =LOG('bush_data.txt'!I10) -> 0.99607365 | ... L10: =LOG('bush_data.txt'!L10) -> 1.7147488
A11: Alouatta palliata | B11: =LOG('bush_data.txt'!B11) -> 0.021189299 | C11: =LOG('bush_data.txt'!C11) -> 0.52113808 | D11: =LOG('bush_data.txt'!D11) -> 1.064458 | E11: =LOG('bush_data.txt'!E11) -> 1.2405492 | F11: =LOG('bush_data.txt'!F11) -> 0.26951294 | G11: =LOG('bush_data.txt'!G11) -> -1.0457575 | H11: =LOG('bush_data.txt'!H11) -> 1.1075491 | I11: =LOG('bush_data.txt'!I11) -> 0.92582757 | ... L11: =LOG('bush_data.txt'!L11) -> 1.2342641
A12: Aotus trivirgatus | B12: =LOG('bush_data.txt'!B12) -> -0.75945075 | C12: =LOG('bush_data.txt'!C12) -> -0.12320502 | D12: =LOG('bush_data.txt'!D12) -> 0.17318627 | E12: =LOG('bush_data.txt'!E12) -> 0.63548375 | F12: =LOG('bush_data.txt'!F12) -> -0.20065945 | H12: =LOG('bush_data.txt'!H12) -> 0.67117284 | I12: =LOG('bush_data.txt'!I12) -> 0.68124124 | J12: =LOG('bush_data.txt'!J12) -> 1.0576661 | K12: =LOG('bush_data.txt'!K12) -> 0.24054925 | L12: =LOG('bush_data.txt'!L12) -> 0.71850169
A13: Ateles sp. | B13: =LOG('bush_data.txt'!B13) -> 0.22530928 | C13: =LOG('bush_data.txt'!C13) -> 0.77597433 | D13: =LOG('bush_data.txt'!D13) -> 1.2479733 | E13: =LOG('bush_data.txt'!E13) -> 1.4608978 | F13: =LOG('bush_data.txt'!F13) -> 0.49554434 | G13: =LOG('bush_data.txt'!G13) -> -0.92081875 | H13: =LOG('bush_data.txt'!H13) -> 1.3667964 | I13: =LOG('bush_data.txt'!I13) -> 1.0086002 | ... L13: =LOG('bush_data.txt'!L13) -> 1.4903799
A14: Callicebus sp. | B14: =LOG('bush_data.txt'!B14) -> -0.60380065 | C14: =LOG('bush_data.txt'!C14) -> -0.079354999 | D14: =LOG('bush_data.txt'!D14) -> 0.28780173 | E14: =LOG('bush_data.txt'!E14) -> 0.70926996 | F14: =LOG('bush_data.txt'!F14) -> -0.075720714 | G14: =LOG('bush_data.txt'!G14) -> -1.5228787 | H14: =LOG('bush_data.txt'!H14) -> 0.83186977 | I14: =LOG('bush_data.txt'!I14) -> 0.74350976 | ... L14: =LOG('bush_data.txt'!L14) -> 0.70926996
A15: Saimiri sciureus | B15: =LOG('bush_data.txt'!B15) -> -0.40560745 | C15: =LOG('bush_data.txt'!C15) -> 0.17318627 | D15: =LOG('bush_data.txt'!D15) -> 0.56820172 | E15: =LOG('bush_data.txt'!E15) -> 1.0170333 | F15: =LOG('bush_data.txt'!F15) -> 0.15533604 | J15: =LOG('bush_data.txt'!J15) -> 1.3267454 | K15: =LOG('bush_data.txt'!K15) -> 0.56820172 | L15: =LOG('bush_data.txt'!L15) -> 1.0187005
A16: Tarsius syricta | B16: =LOG('bush_data.txt'!B16) -> -1.3251389 | C16: =LOG('bush_data.txt'!C16) -> -0.60730305 | D16: =LOG('bush_data.txt'!D16) -> -0.82102305 | E16: =LOG('bush_data.txt'!E16) -> 0.16731733 | F16: =LOG('bush_data.txt'!F16) -> -0.55284197 | G16: =LOG('bush_data.txt'!G16) -> -1.69897 | J16: =LOG('bush_data.txt'!J16) -> 0.48572143 | K16: =LOG('bush_data.txt'!K16) -> -0.82390874 | L16: =LOG('bush_data.txt'!L16) -> 0.16731733
A17: Eulemur mongoz | B17: =LOG('bush_data.txt'!B17) -> -0.31336373 | C17: =LOG('bush_data.txt'!C17) -> 0.27415785 | D17: =LOG('bush_data.txt'!D17) -> 0.58319877 | E17: =LOG('bush_data.txt'!E17) -> 0.91539984 | F17: =LOG('bush_data.txt'!F17) -> 0.025305865 | G17: =LOG('bush_data.txt'!G17) -> -1.30103 | H17: =LOG('bush_data.txt'!H17) -> 0.93751789 | I17: =LOG('bush_data.txt'!I17) -> 0.72672721 | ... L17: =LOG('bush_data.txt'!L17) -> 0.91381385
A18: Galago senegalensis | B18: =LOG('bush_data.txt'!B18) -> -1.1979107 | C18: =LOG('bush_data.txt'!C18) -> -0.45099674 | D18: =LOG('bush_data.txt'!D18) -> -0.70996539 | E18: =LOG('bush_data.txt'!E18) -> 0.079181246 | F18: =LOG('bush_data.txt'!F18) -> -0.65757732 | G18: =LOG('bush_data.txt'!G18) -> -2 | H18: =LOG('bush_data.txt'!H18) -> 0.42160393 | I18: =LOG('bush_data.txt'!I18) -> 0.45024911 | ... L18: =LOG('bush_data.txt'!L18) -> 0.1271048
A19: Lemur catta | B19: =LOG('bush_data.txt'!B19) -> -0.38827669 | C19: =LOG('bush_data.txt'!C19) -> 0.35602586 | D19: =LOG('bush_data.txt'!D19) -> 0.32633586 | E19: =LOG('bush_data.txt'!E19) -> 0.95230801 | F19: =LOG('bush_data.txt'!F19) -> 0.1172713 | G19: =LOG('bush_data.txt'!G19) -> -1.2218487 | H19: =LOG('bush_data.txt'!H19) -> 0.95904139 | I19: =LOG('bush_data.txt'!I19) -> 0.72345567 | ... L19: =LOG('bush_data.txt'!L19) -> 0.95230801
A20: Microcebus urinus | B20: =LOG('bush_data.txt'!B20) -> -1.480172 | C20: =LOG('bush_data.txt'!C20) -> -0.76447155 | D20: =LOG('bush_data.txt'!D20) -> -1.0105502 | E20: =LOG('bush_data.txt'!E20) -> -0.22841252 | F20: =LOG('bush_data.txt'!F20) -> -0.95860731 | G20: =LOG('bush_data.txt'!G20) -> -2 | H20: =LOG('bush_data.txt'!H20) -> 0.1903317 | I20: =LOG('bush_data.txt'!I20) -> 0.35793485 | ... L20: =LOG('bush_data.txt'!L20) -> -0.22914799
A21: Nycticebus coucang | B21: =LOG('bush_data.txt'!B21) -> -0.70774393 | C21: =LOG('bush_data.txt'!C21) -> 0.079181246 | D21: =LOG('bush_data.txt'!D21) -> 0.029383778 | E21: =LOG('bush_data.txt'!E21) -> 0.64345268 | F21: =LOG('bush_data.txt'!F21) -> -0.23657201 | G21: =LOG('bush_data.txt'!G21) -> -1.5228787 | J21: =LOG('bush_data.txt'!J21) -> 1.0519239 | K21: =LOG('bush_data.txt'!K21) -> 0.029383778 | L21: =LOG('bush_data.txt'!L21) -> 0.64345268
A22: Otolemur crassicaudatus | B22: =LOG('bush_data.txt'!B22) -> -0.89619628 | C22: =LOG('bush_data.txt'!C22) -> -0.1266794 | D22: =LOG('bush_data.txt'!D22) -> -0.24260397 | E22: =LOG('bush_data.txt'!E22) -> 0.49136169 | F22: =LOG('bush_data.txt'!F22) -> -0.34678749 | G22: =LOG('bush_data.txt'!G22) -> -1.69897 | H22: =LOG('bush_data.txt'!H22) -> 0.63447727 | I22: =LOG('bush_data.txt'!I22) -> 0.6242821 | ... L22: =LOG('bush_data.txt'!L22) -> 0.49136169
A23: Perodicticus potto | B23: =LOG('bush_data.txt'!B23) -> -0.73754891 | C23: =LOG('bush_data.txt'!C23) -> 0.056904851 | D23: =LOG('bush_data.txt'!D23) -> -0.19517932 | E23: =LOG('bush_data.txt'!E23) -> 0.59217676 | F23: =LOG('bush_data.txt'!F23) -> -0.48148606 | G23: =LOG('bush_data.txt'!G23) -> -1.69897 | H23: =LOG('bush_data.txt'!H23) -> 0.49968708 | I23: =LOG('bush_data.txt'!I23) -> 0.51188336 | ... L23: =LOG('bush_data.txt'!L23) -> 0.59217676
A24: Propithecus verreauxi | F24: =LOG('bush_data.txt'!F24) -> 0.19589965 | G24: =LOG('bush_data.txt'!G24) -> -1.154902 | J24: =LOG('bush_data.txt'!J24) -> 1.4012282 | K24: =LOG('bush_data.txt'!K24) -> 0.37106786 | L24: =LOG('bush_data.txt'!L24) -> 0.9929951
A26: slope | B26: =SLOPE(B2:B24,J2:J24) -> 1.0499636 | C26: =SLOPE(C2:C24,J2:J24) -> 0.92783621 | E26: =SLOPE(E2:E24,J2:J24) -> 1.0383225 | L26: =SLOPE(L2:L24,J2:J24) -> 1.0280623
A27: intercept | B27: =INTERCEPT(B2:B24,J2:J24) -> -1.7812907 | C27: =INTERCEPT(C2:C24,J2:J24) -> -0.98896876 | E27: =INTERCEPT(E2:E24,J2:J24) -> -0.42730852 | L27: =INTERCEPT(L2:L24,J2:J24) -> -0.4065296
